condition_id,period
0x3648ab7c146a9a85957e07c1d43a82272be71fde767822fd425e10ba0d6c0757,552
0x768603866bc5ce73836ccae47d72ee47cdd605d41320d3894ca41412f784d775,554
0x4d40e1d7849ae33e49a0fc4a18b45169e4456b684b0d584b4cc582a9fc4b7ac0,126
0x41190eb9336ae73949c04f4900f9865092e69a57cf9c942a6157abf6ae8d16c6,607
0xc03f3229164b28670a7a50439bfb5dd2bed2c50de508bc2ae0391d37b48d1810,305
0x311198b7194c8eb1890df4d3a2e5171a313066bba76b0bdb431af757eeaf4e51,553
0x6898b869f0bb1f31d309897956fab3437a7e82408cb91d4bfc888dbf52e259a8,554
0xd93cb2d70e5e00e804ff2115f59aaed64cffe4af275264e9a629e1e4ad3dab80,554
0x12a0cb60174abc437bf1178367c72d11f069e1a3add20b148fb0ab4279b772b2,579
0x7e912d337aec54d321a4d415bd05e5a6676c3f04617f07def1281be7e0af3e91,553
0xb03b50581d3ed24f8d40c3bc3ca235fc82ba86eaafc2aed2a9fb85a47402a96c,554
0x65805e37d6c891808a44064013a0c80babf87010fe6e69204b17381fd0761fdd,552
0x49c2bb91bcb33296f486c92a553c2fca81cfe79f4e9ba00cca68b5ca274e914f,553
0xf3b7a1ffbb8cf0f8b5c392bc8615e5d7d28781bbc2a2d1630041ed5a4bb2aa73,553
0x757fe19cced3f2136ef1dc0e0163b9996a68a330a8d2338835e3b81a31fcac91,507
0x0f8087a333699c182f5cfb20fe7e59d08fd8405cf98b436cdc99c2dbdd3d412f,199
0x88263253ded7e012b2d20f1df436ded2728b20e774f5cdd47201cf7cc208202b,82
0xdaccdba23670d39feba6182d2e77c3a676dbb755f58fad6a3d958a32954dab86,398
0xcc8129a275417b0df7e73e5cb6ad066861b949fbed3575195bf6ef0c44dfd663,408
0x730f58e9931f09fc067522f1ac6aca1eceeae997882207ba2bbd872af79c236f,169
0x1f5e91cec5de2c58c8b51e5830819bbed6c0978dc05b964e4f432d7744977d2a,126
0x9f790cba904c6df64af943a64e9950884dc8e5d8ee8ca31299fae8acec6fca30,264
0xf9158852b2e253f40ffa0f77727ba6a765f3ebaaba350a7319b0399bbcbf4034,110
0x534f9204adcccc3372d2cbd94faa4f48501dec7f77f98a8dd5235f268d923763,88
0x718f5c9d1d25ddc8dd1eaf401c87bf3dbd18c94d3920bdd014f787e6a5344865,27
0x870a4ded505f5f8e4e6a4ef3e4c59cace79e634352bce99ff0855ecbb83200fa,103
0xeede80dece220f30638955c385ef715240f6a41d24fc687ada1605527a83a11c,95
0x6d617a838210e0710a2a946814d1f26ed6bd3ffb76d0ef49959e0d2f75556944,305
0x664886144f47a74f32ec1e030345d25b3865ecd0c39427dac77490e2cbe196c9,6
0x60c1c5ead06c34d9ea9d35b093822e63cffef453e878301cdf01d8f05dda6510,75
0xf4fcf99bb9e9d20406efb081c8ba004c00a4f27d5f6a73c0e7d0b7da22916782,13
0x2a73336e8c3ef5370ec96357f575fdbf5e2a457f012a04cad85da6ab07b2f8dc,184
0xfd6bafc2a62c6ba0f7ff215582b3f47e7136654398bb01b1062a9f2ff58ce907,72
0x73ac4c1e5be0a89685328c9f5b833d828ffd62dfa07ceaf8536edbc43aa5f51e,304
0x21dacbae08cd922e9fe1e5f3a4b2ea09820d36f2ed368d6b53683b0fc1f16fe1,305
0x230144e34a84dfd0ebdc6de7fde37780e28154f6f84dd8880c7f0e58d302d448,305
0x7703a1a7d3834391fe4121aa80c562bff05c9f4476ac59002b746b10e0a1050e,184
0x830fe8eb8ab09693af821fba6d1d2c5369a696715c029b978e06df41cc614390,6
0x07ca3646cc01db03efeb1d445e98d9a9ceb483aebe8b16b058daeb203dca5f89,17
0x72302e55870853118f30b009d046a0b6d0c1b7428d2bdef7700a4f6131f78a1d,11
0xad6d309aaa500d96855996e84da00dfb2379548a693ca684d0877cf94fec05d1,305
0xf3a7a2365b6ec113117184bb2d1b020577355a1028fde0b32671c4cfbbbbd589,306
0x37658cacdccbb4d2d6dd4cae8cfd43b268e695aab51973a70be339f1b90d9a94,301
0x265366ede72d73e137b2b9095a6cdc9be6149290caa295738a95e3d881ad0865,306
0x5f7a463b833d0217f7bd73222d2d9597b4d49346d1d302dc44edaeae01c080c3,17
0xdbec3f23bf64bc5fa02459705e581389a375530d27b8856651a6a73dce3c5982,6
0xee1367a69510ba9b96b5a7834b27627c05f66a2373238b2aa26447318ae04e30,6
0xb80a8a4ecb9344bfe81bb620638fa2882b5f57663bbe268c4bb2b97ece7717b9,305
0x166ad5a3914c4dfaf4e8eb851f167c04797f2abbb3427ddf688c363d1c68fe6e,11
0xb26fd99a7b7bae4e13c9bb3becf65353708a805f9c1aea74484d107e6ba512cd,306
0xd35c80d2f97f129c9297139425e0e19fc8ce596af45a68cb5fde2ec9309d5392,184
0x5a11158a698503575c01d84688a97b158df5889af0b8890c8944f7a16358e9b2,70
0xe5d5792995784f034f1c5a73e1885127ac7242186c23ad7883ca630a312615a7,5
0x215625b9e962f3f499f832c77dd4caa400bd8435369b5fd65e8673c8b2c4da66,306
0xf6106065ec5d5dae7eca350be64e5246ae331b35937ea55b64152f65fbc0b37f,304
0x14018049e265a2d88f284be9588e2e3542e3a3df08ccdb344d28355dd7fdd8ef,305
0xf1403b0b84b9dfdaa5f5aafc89773e8437bdb7ee0897dbb6beb2cb8d25f61804,17
0xc0f7d532a2029154cbb76f64de469b3724961d2fe7c577b8263f09c80ed36d76,17
0x92496a8b979d75c1faaaaddf5b9a3a695101cd61a648ccd8220fdd7623e95125,77
0x59d7ec34e4f9ef67350a97363baeaee60bd7979091cc166420b08a17e38aa43f,184
0xdd22472e552920b8438158ea7238bfadfa4f736aa4cee91a6b86c39ead110917,305
0x3f860955f69ee121da47c2840509ada04b6776b95a1219335efa5dcffbac0815,5
0xd8f72016370aba96d815f86f27d242e30115589ca69a1cb8c9f19148234cbe7a,5
0x5605bc5d7557217f5ebb00d00f639ac8b9da949016b8cabcd7e9183ea1cac060,304
0xd1cce1f51effdf3957144fdc87b5e8aace1d1f7ab21976a046b71744ecad8443,304
0xd35200db747488aff7648d5a85e22c6975e8e6dcc9867241fe90940fb05cb098,70
0x4dd13b533072528934eefd9aa816fcc97253e7cd1d4f40c12769fd7f52c3e0fa,5
0x729832336b1344aab2531ba0bfb192a674fce114004eb020d5bc3cd9bfcb40d3,6
0x198d833c085ed0c858165192e9fd446c5392dbcdedd1132d89c578c0b5c29b2f,305
0xced9f9d90c94db9f1e1dbd7d9fba82fe4fa7431c0d4e91e28896c8ac2d6acadd,305
0x3120827dc12167d09fd9f08233e2b540054a2ed90aad65c023bc1da9d38b29d9,304
0x4372614786010b9b7fb52cffa0bdc1359ea81c7cbc75c5bbc619c68326692b37,184
0xfa45365e7a6a93f27d4fd7421de6d086a558d6e0590a8b67873c65d322ab9be3,13
0x9d7ca1d7a143821608dc80cb41e6f01855bed9508c85cf9d9e49937bd04abb9f,66
0xa9e204946babab23bfca5d712c4c8db9d7dc444dbe7ab6749c5bd15a7a6e2129,6
0x4ddf0aa07f795ceb93ed0968ed5508eccf57bf0e7b1b79c204fa71be03a14690,6
0x534da3946b8da84a8687e346e735fcc1d7c7078c057b1a7769cb9991b3e67968,306
0x08f5fe8d0d29c08a96f0bc3dfb52f50e0caf470d94d133d95d38fa6c847e0925,304
0x70ce4eceb48d4134a9b55482cb92215b69350ad6453359708cb384d18bdbb21b,13
0xf75076205d589c02ac13263b0d59041563695a7518d65134f8eb8c61dda22262,306
0x3b0aa8cf94d772ef1fb1dab5e094ac39842735ef01bbbf285ac5fea1377dbe84,17
0x34b8fa269775d034f3d98b6848e0a7c5212efcaa0c98e6f8fb54c5d6f72b3705,305
0x696baf880832d000a37ea87cc94235b1ac58e7e9fe7a144ccf5d141877629134,305
0x8f41b19c9df3d15bbc3343c2c5eb9281ad8f60828cb2253f52104aaceebb40d7,6
0x58d2848a45ca2b338634b620eaac3da353c92e65018aa9f182da5e11511b3a8c,70
0xf488aacaba74914fe181c68d8b6195e13c4ec8b6c1b215c299d297666297200e,306
0x0c12d7b5322f432a0c4ac8806b476c7483c4d44061ca1188b6f749ec9db34996,306
0x037c9d29c04a2f6a5373ae7db7779cb40a751ca372de1e55999397a8f571c67e,306
0x41d097dd0404f9ced7bbedbe09aa06e961ac339350a67cc7a563826e2f8a9010,41
0x7da35195ac3c7bf167f88ab0c27067a99020e36de67d39968b71d9debcdd925e,305
0xeb7ee36692138a51e9acea81abe0cb5b54226cd1d0ef0acbb99dc0d79185fd8e,33
0xc6485bb7ea46d7bb89beb9c91e7572ecfc72a6273789496f78bc5e989e4d1638,305
0x911d086ef50a087b694d40ffa105b8a384a3275aa66ff4fa66e55da1ff91f6b3,184
0x8b639969c9a41ab89381df2c6adf41ab4f5bb1faf272a9ac883117f635e21cf8,17
0xcd1b6b71a1964f15e2c14809594cbfa0d576270e8ef94c8c24913121097e09e5,305
0xb92f22143e7b48609a82573fa8197dc73683a15acb467b0f51ee63da7e3f520b,304
0x9942056d5a5b46d26b266aedfcf1ed709c2aebc929d966b03ffba1251f9ee210,10
0xd935ca35c40b2283190499f6c7cadae2815e5c8b341a1757a42b96a254526215,6
0x63634b4e14297a748923f86dca4fa0c6c659db0f5fadeeb8e419e48e20759c34,305
0x7d60bcc41623a7c4f300f78091cf97bfdf38677319f67ec7243351992bfd3b08,70
0x40bbdd26dc08406eedcb913efee7f7faddf50e16fc21caedb4972d57fd71e0d1,305
0x43d7d4602d2c3ca67db94667152d0ed86c0b5151b6de4328daabf27e94698171,75
0x4eb8e44c37e307a2125f400b675e98861d091f9e50f5be07a25304c930cf85aa,306
0x55c551896c10a74861f2fd88b4f928694310114704cc74b29b9760d1156cade6,304
0x58a6ab5c8c99249e86e856da84e764a8279237b16004f7e0ae1ffadc24dece6a,11
0x9f48a05fb3f34c80866fc41729ec0b085dba86c944df2b0400b925c31e56e233,17
0x62ce1dffb3352601d70367aa55b7ca602ecc41afdbe6547267b8d28bdcb48dcf,74
0x952e08c11823ace3e9a7c00c2f08eea5cf7d6f3412a2a509efe3dbd16115d21b,179
0xc84158739db6f15f33ad8518b509cd0688baa794209759e628bd025f01927b4c,259
0xdb1c6497f967a07e89f2956f10edfd3289443e46c6453058f0934ae32936d3a4,172
0x4b42c17d638e0054120d84a48212d84cfff94bec59d7249c2283f12119861c22,167
0xd898154718493ff0aab781ee5db2fbbb44a5712800b571629a5846cdd570cf8d,179
0x315804188956a5ece2ae6e7ebfcc6fdb3ef9e00c4dbdc8af41f705009c6baf07,30
0x25ee65945ec1880c6c62eea7bcd33512d6de23f05ec9a555db332a931a74d22d,30
0x3addbd9ce42c7e91ccf7575fb4ebb8b7168d534a7e7d91312746dde58e0a9275,167
0x4774bdc661b14290b537019240c9d1c3b859126fe4e159636b8f461e0dcf78e0,30
0x8041ffebaa0dcd3e1d192c5aa6185cef14ba9963fff52d0e7f296153cf144539,35
0xcdcbe22d75154a6063c32f42319a56d51b72cbc51952f574f0477af36dbcfe93,167
0xdc0305fbe2b2851d4820af3461fa70c43641cbe4fb0e74dd79bfbd6dc89f170d,179
0x6a031c4888fcfb886861d3616cce760ea284dbf46e355b197400c2b12a4c37a6,172
0xf637b48cfbd112e298d991930c77340c78eb58ee4824b6a408287dadb6663d8a,179
0xb0f35ef24df5dedc6f05d78dd5227d2d2a9a8389809cb09dd232ab5e52db1cc8,167
0x5acad359612174a78b4815a95412aff62fa35ef3411e1bd59fa2fdf7b7699601,172
0x31aafb7b283edd5c841086cbf43807f2fe53fd36638bfb09e2edefd3b567cfbe,167
0xdd866827787d87ade4ac9a515e1e748a2ad39f374f2c522a16ee8faffef4eb4c,179
0x57b8a07a436c48ba108848bd3197e1109257dd93b38669b8250bd98f45d71af6,179
0x67b162be33b7a37921d32f8954e4ae8f511b349d28c973f8a860653e0f6f6b90,155
0xcbd8b18d2be8101ca0f467e0840adcc52381c03fde07884c4b1ec0ae8356e0ed,179
0x6a0bf25cacee15e507476f9bd79acd63a149a5553bd2acbd82972d30ef435366,35
0x5338d1de000b91193e3ea4a066bef50d73c77d0d4ace294e474a236599608dc3,177
0x590559163a05c7e4d56713d51639e94a0c6ee906aee788098cd5487d8bd1836d,172
0xf0abd3a7cc2e06aa79553f8c4e92ea18f8bd3d5e075cdc2daf228a16e9ec4156,179
0x0317ed1eeb46a4f7b517925b61bbf94d8371ba45c58a0c2eb89d447e87aba711,167
0xbb651bf09b0db35efe77e9323eec6f09fbd14ae8b64e118dfb12ad6aeb581682,179
0x6db528a803c762a17e401e751e59c6dd4776e510fb4cc093d2c28f8e1028a945,167
0xaafae2f4f25c0a1785d421d152b2a30cb04042d2370e5a04762fe70abb97d6c4,167
0x3b692dcdd40f9bfdd313e251c0d5fa4b7cfb60194f321d2e81ef2c846523543d,259
0x77ac6afb0079727f461b5ceecab05a3407bd6ae78f59084f7f4054a6c17d5af4,197
0x99c0965b13b8374737bf087337afe310fe9fe22d0b2a35d7972cae10ddba2711,179
0xf4e6589ca397e61af654e4c801569d41b4fa9e97a25a846f625b833d9f964bd0,167
0x9d8a92fee4fd3998176f1d5f90c072d614345c2082a40169d61abf05cb7a9b34,30
0xcf0dbcdce6042365399099f1baa4859c92f45b9c762c26690244d086135030aa,66
0xcd97873041bcc412c9efec2af8db063bac7f8e2038ec500c6e9af3723b6324cb,179
0xd013360f1511a7cbb64b70aa0089ce9a0b3f4ebc23dc4a6892e6d38aa8132ea8,172
0x3ef44f3a40ee5d7a15b319c44e7702d094d0036acc86c9c5991ba90801adddb7,94
0x58333181d7a90f6c8b83fec76e727d545188a326e02eeb88298eeba0814f925a,44
0xfad8f49d82c710679b96a547e4a9bce1b4ce3c55d6c0a7a19d67666cd8201c4f,28
0x0ff615bc149399562ff6f02a80180b5d2fa58a4b6c681af549e60b57549bbe78,6
0x62eca81c2ae07d0a77fb3a5ce4a9fc144b065670094134ed12f82a444cd38f17,6
0x872b438ccfc222fe6d3aee45a9e3bfe7fb37fb924990dd1bd79233b2a23e91b8,6
0xd6a349ff2d8d512a482c8dc93d667ce9a351694edf8423bf1e210363d65eb14e,6
0x245c706643f9d3c04c7b6c91c8a9e5f41187f582839fa6e9cce3b31bd087f008,6
0x51a91c22fda1deb33653b71754f6da10c280a827c3570e2ac61d3400faa21e36,6
0xeb4a7e958caa73f7797aa722d13ffa8c46fe7b2f7af1c254da092fc12174953d,7
0xe08a8b0342600067f62c58d1fde4fd794c1b5c7cbd2fada16f16ddb1ba6efa6c,6
0x2d1cd38743e145bd6daa8fac1921791f2a27c45538dedf6edf6ca395c9ce6a9b,6
0x03b7010e69ff09a3371f53c7b2fe944182660fc9ac1497518784c650c0801b94,7
0xbd1be64dae180e8e4a5ef75048966507b5c66eac40b7981b3834f189f58ac673,6
0x22c317ba2e464591e4c98b056a478c41d7c397f5e959f4352b07dcfdce2ab0af,6
0x8d937bc368cebe183a508b0fab4a1a2dd379ae44f812bb364068f8ef683a7641,6
0x0bc44e3e0f5796fefb68b3866832f045503fc83bcc3b15089f0a83fa27cdb79a,6
0x827b341aaeb98dffae029e1393b553d3a12a8622bc69665285e1cc2cc27d144c,6
0xa307f951da35ce15b31080871af3c86adf84ba59a0825727d8d854afce1597f5,6
0x4fea9b48538758ff47c93af9950141d1b5b1afa501231e39842bcb8c38f72ab7,6
0xcd6a6e29d94461e75421d013bd9f84556e0cc463fe4de071ea72bc6e796b64f2,6
0x2f8383d805121a71c03b4dd3bfe626a00086de49f4f7f62294b46723ebce7978,9
0x6d47bed13337829eaa1a4cd6822b0e449af2b1465d28442d8cf3cdf194c7ecce,6
0x0ee1429ca3e6e113e9b6f943a5fd6144ef9f374c54210e362fa6f6ac5210c02d,6
0x4f4fcd345250caf8a129d5528b0f9f641c34dbf2d96a8650590c8485466de299,8
0x8a0bc6f8147bac03a50b966719cb3944602c4c1ca50e6bfde043471109214070,6
0xca7b4763b1cbed119234923f5018d42ffc05350e9e74e6c62e027b0876518f51,5
0xf5e57b8f5c1b5d7f0981266455bbf0739f3352b0854bfe530effc191fe2f4563,6
0x239574fe1fe5754d6e0cc55cdffe30703e7f76ef29535c203e1290ed3a3433b0,6
0xc18ba87e0875499d07534b0cc91342669192176a232c6d4074bb02d928a3820c,6
0x21be7daceb0b5463e4affbbf2c66d100bb7d7d706c9851ea965f41ed8135f870,8
0x1126a26f1e9fe7a63b1e50621ad443057198bfce340a9a3c5af1906bca5f9b6a,6
0x36ad96d44eb72bf5e041158edd4d2eb0484828ae78ab1f1759fe281029223769,6
0xcc80c4b223a6ab45291b810fe0ddee07cadb67bc056f48d753cd09305849cffd,6
0x7557c61521f4837dfc35e4f28e633d1b44246795097345dca3a39a48740181cf,10
0xefee356c98f6352092cd3a837d9cef9ab003fd28e4339c5f6ba10237ddb12c51,8
0xf577e4a25596f628c2b8b222ef24a00cdf0a40f2ca373be1204a4c8a00ff77ef,10
0x77b2f29f9224c9153f60a7ccecb7297fa94f256ab76521b6767a80506771a774,6
0x82ea3694ec4efd2936ba6ba62846d960bd75eff594370981a04bb3e3b09a6d6d,41
0xc4d9010f3888cc68b8927a4e4ae8a76b2710a9ba61aef3b066a2e2c776ae115f,16
0x3c89bca9ceb8cc7011b5e908d73a8fd477e8adcb16089d7de5c8d3809a28a2cd,6
0x6036a50f1d17982bd212447da143a527bcb1a35569977c739e334eaaec591751,295
0x059587074168eba9515c62a56d16078e3255a6a24f111e78a07db0f9c1c5df26,25
0x06d61f6d94aef5fca99a25e0b4bbffd2434cc68e912453a17d5914ce8327f574,65
0x7311b36cd890fe5be0e45beda69ce2638357f4ff5f2b81dcff5cc5fdd0961b8e,7
0xa1e0c9d7d0e9a60bfca235ac43f17284654ae825e73808e41b1ad69f7dec85fd,110
0x6b060f4fbba9b9c69fc3c19f0545dc093e055bad0b6991c1712d9bce22ce63ba,35
0x71f3460fa5f38597f71a238d9642ae1eee33bfd787ae5b40dc3f8ca0b703ee17,5
0xf62e217fb457a2cedd9a653bcda57e88c3f3093a7a49aee65028146198f5208a,32
0xd9e7c08956988323e4579eb2eac43a8b8045a0222346acc128c481f004d6527d,9
0xb5c103c0e0c9d956c5a066dfc142c43fa8cf74a55db71a23a9a46d1547d4ecb4,86
0x7b064d3b886178564c888e213d18e7c57f0d0b7a317729cb11c3f2ca36e4ad11,66
0x569b22d0fe995eb9e2ce13f589bc2653abb8ae1af48dd8e1edde4776808c6179,9
0x5ecbda1e61c5de8a4984dcb1d08267567dad301b0383f116b64060eebb517ed3,9
0x2a6b4d5e34e30e8d3eeeba48a8c16746a0e8374b9e85cd833bd12d40b8ec2c98,9
0xeaceb225dc942ffce3360a66ef4eb4cee8c3d14a20dd34fed6979681ac76e8d7,35
0x73531e600541608053a7fb2fc3261821485fb0d26450dea661af6961c65bf440,97
0xf92db5e5144aabb033eddf6c00a5733c731a387747b61836249445064daec042,110
0xab95baabf0ebe51e5939b39db6fc78293ff88ba292196391a9e7cfc3f2a7db0a,9
0x6c6ad8ddaebc2780dfbad1f050124fb5b32e9bdbdea333db3369383aa259d007,95
0x651ad058f0d3faed9d5b5447320530554a1a6a2dfba1769ef9234161980bfe69,68
0xfe272510fcea6dfb15137b6c9dd74895b6e8a078fa0c0a1fe348afa84a764856,9
0xe1e17fe6349bfd6fbdbff1406308de46dd9f7f2c801fa109d6be170fdec9ddee,27
0xaba113b61a80d63ee8d976fc6913c107cf068b3079484b8e3fd573ad2a0974d9,33
0xf3d1a53f73de5fde9d648cbba5093734d67f4afe5fe9e81ace5a1f79064f99a3,64
0x4dcd86e503db974a04da4ef751671e357ef9b96719c0e64861431048dd100d96,33
0x29f852d22f79f2debf4f5a6edeab5ac9096e86ff41da8b6c370e1743d91c9061,64
0x05d769a6ba5ac64ae196ff0120bb7400b6697a5cf94573f364d35cc28dbfa22d,205
0xc5d7be203f5fb918cb4bc2e715875b503f87b7ec68071fcf2a22ceabc7976606,70
0xea4002c56d118cab706bf6cd34783948f5523a06239f7e59f443ac683f0fa140,201
0xa650b0fc83f8b6063ed31d2fcee2c30c60405e7215341a5563f1236f5542a14d,179
0x8c475bb88a43f969345e34b37a8ad26c9883a48d4aaa37c086861e2cfe9d26dc,9
0xa67023e2eff5fd7592ef9861acf2518c2b628722f0614c1de72b4ad4b5952b24,14
0x0edaefa10746a00c0f1eee104fa00557881db23bdcf9f5de11fed25c0db20693,14
0x5b82bdec8cf9f7f215c13d2e436224e761c8c081263ef8ea224179f5e943caf2,12
0xf6455f10984ffd06a54519c08a1d4b91afce66a2f36c6a267d84909e3f42fbe2,9
0x636bcf8ac60b566edb6065af8a24982ee362c87768823018e0e42162ab430bfe,14
0x1e0547dd14d98e2c6be2e180078d64d134d62b3d8e4d22e4a03f1261e4690d53,11
0x3093b935e6593823e592e060a6c2b0779dc6656f6a6f9726a4a8b159f2208d9a,12
0x7dc0d9bd48ddcccf2290d8eed1fc137918fbd56a9d05610840f010fe8635a975,10
0x9084841afd9cecafefc06bd55e4cd35273f8ac817e9a4c0b5827a9c363ef3e51,9
0x4df9b983c037c0baa85f1d10184ef5f2dc000a979eedcd78b69edbfd5bb651c9,42
0x68005aadd48b8be729a102135eebd1e1b0425c49236bbcec11e25d5162a48165,40
0x26009b6a96744d495bb33eeefb9205a7a2e12abc9a61463088c0b973f84de27a,11
0xc4c54865bfc22030559b3bcf7ef5620624be0b1b383936bd7117be93f68031d1,11
0x7753560ce96be1d4989395116c0dd9eef2ac003ed693b8df0dd0fa66b9e72eaa,14
0xabc39e1ae73d6ea8582241eb1fb9e2ca1fed4045664be07f54b7e9bf61cb65cc,14
0xb325db47c1af52eb800958894e28fc860b3cc3180ad51df9dfcaa8100812807e,12
0xb186afb033b8eb1f7609ac9d3f1255337583289644c273a00fd5821d02cb23d8,9
0x9e0d2604fa6c61ba56f023a9ac4cadf97a62e37c97626418677ec47e57a5f4d1,9
0x143ce4482636cdb529796d278c61d7f7a61b5a936c38e38f625206b4d83b838f,9
0xe5a1a3c6f32f917c04f4c8fefdf70918485a624ba7301db9af9eaa7f53bf94e7,42
0x763f451fe06d5502d669421b83248d0640c091a6ff28fae9f7a52398cd96330f,9
0x81f0d7860ed5d6dd452df5c3534fb6d8e04a5680b0944e5a181c9ac1e4a151e0,12
0xf82750aca429f61de4671ea44665afc785bf3c345e8863a554f13bd1d8c66b8f,14
0x3ac5c56c2fa1861dc66c0aeb0852c4be9108a61a6b5050b9f6fd15abd8202ab3,156
0xa88a783b0926a90c5e0a3e6543293570c16f620392f12bfc08dd194c614e7e00,156
0x9063d33d30415fbcf24311c255711976444c72aa8ffbc05b0aa6f855fcdd6d06,134
0x5e7f588f32fa63e49491c50922bb50f554a22d1f431c6a7d10d47adc1a33ec87,6
0x6754ff5a8dd8ab9cbe0168f7ac073b76ba71380de8f4e09f2d12b1c57469149f,9
0xfc93f92b41376c8caeb67fc389e8901d2959e5a998a94c102209fe34b7eeaa7f,156
0xcc78239da94906bbf74b76b71cfdf05b653596c3f81580edfeddad9a79c48488,150
0x9899c4405ed4cb50a2e861feca6aba3864d738223380417f2f4211bc6ba8ba02,156
0xe7c0f5dc1be16566f894fd93fb631a6a767cf1e8116449d03e5e80a549fb3d76,24
0x49f0885490b71856a2535d5deb1dca2a970bb0a84f7a9cba9934a3fdbd3b17c0,159
0xf8dc77a114b42865e81d70a2d1ca7a2a99dfd80261fb676b5dfe348660d442c3,42
0xf0e262240ee9142ed91b5e65970fe4b27fcdec4af60f3ef95d40ee1e02bf79a3,156
0xb9998922e9b800d3c8dd65636a4f9905bae8d587f8cfd78d06c6209b33bb46cf,150
0x75e90d6830fcc4b274acdbf8869a8b0f464a67d0b86c97d3081a8696a3cd8134,155
0x9e3e7ebebe250eb5c747ff3bac449c65addc21b2cebed48901c55e6e4739da05,6
0xdbded28bb7b5ef0ae091e60894c4c8aa1556de87d2e8edac6104be50b69cc6a8,157
0xb9d41ef3258af96296561356a8c8ed53c1e4de935b36eac5e41c4b714e2755b2,156
0x5d14dd0ce9b47b7fd7bbd7f07c70508f46ff1585de5d0b441eb069dbf3a0733c,158
0xd987b38ecf3bdf4cb69734004c51238875411e0924dd0e9b30e3b31e623c4f00,236
0x3a65461275604e537ee2c3fe8a37342e68bf963616f69c4f02f55e6cca17b425,36
0x2dfc5ff604b12ac8721316b109cd786b0da27a24719238bb23aa7882d8f3b3ab,157
0x874903f053ee9e1bc4a270a6d40886deaf61e6bfb373ecfbbd03d8e1053f7ceb,156
0x62448ffe33386d8b36a2f6f640eaf06a65af6e51d356828bb08d7596effef03b,31
0xf7a5be137ff57afb48a5f755a1a4fe80b33524aa7755d3e1eec3d1bbeada4539,7
0xe66f51928aaac460a244a814de30ad9ef84328311c1136e1d844c494a7fd908c,162
0xa3bbcd8fb3be5275e40d789906b5731f7fdd799a977528b3d018984ad05a0276,156
0xfaa752459c013314a908ff85ef9cd00811761ce6d4722c631e0a42d99a72c49f,29
0xf32f38434f2192f5135e007f2bc102a6c7dca299fb9b7e71b76542891161f6a1,150
0xc05a58469e9c032ff5b06b44e21d2790cf97c1c8358846893e5e26b53097e55d,9
0x1500796e23793afd7d001fac0699956955875e1b2dfed19db418c3c0f4f6628e,156
0xe8c8292d874dfa46361cb7413e528557106f69fbd6448d7290dab7d1e65b006e,156
0xc11e05cc1d5aadc7a35ca4d152f0e6773acd2a38503d5129e7d988d67073ee9a,155
0x80d9e846edc6d0492c65931dfe71df1250b5d57d88f7dd94c40190e6d87cc395,31
0x8a05f4cc458c938152f6d2d9152cd3358a81f7dea570cbe4a46ad39603f5d34b,216
0x5997cd6096c218411758371421538280a309fb3d465acfda751e3f37944e8ed5,156
0x325038359610a566c0963c9f0ea2ea33b2ddedf7808898c4ed4166787213f1b5,156
0x58d102be7f1046597d9f208b84a0d5f844960151bc771bca1ae138353c4caa50,167
0xdde3502f058e48db7c15ff219b8c3ee88c47e196bc5905328e6ae13287a55536,6
0x063068aae50b05d4ef5f631167d9622ee0903f5385bb2dedd84eeb3b55f4f4b6,200
0xcceb2181bfc6dbb84204877d0f851bfd5ce1e6492860ca64d4ccd8d5ceeaa309,7
0xc9b167d3f10218a635be40d4432603ccfe9301c637bfe6ebf162d8032518f13c,200
0xa242bb4df11ad198a77f77333b5fbb29f70c919896f6a157af0a76e433337d35,7
0x597a05a8da2fd0125b5e333087f1907383c52a72ac4829b2b4bcfe8c9f9aed27,7
0x5167d4a7696a0c8f2e505ff5e85438f7c9e45ec42e2184cbd7eae2cc239cd8f0,7
0x329b0bada35554e509f8d9e8d85a86ab70a787dc7f6f3fd06e4715c31f543823,200
0xaa24b4f151f61324ac02d49a27f30454d3698d13cfef0463e111f835d94d0a7a,13
0x27ec661bbe1f80bc540cad90080e755dc3f9dd08bf6e981686f09d8577e9b413,200
0x70de1b06646805d289744df352ed58b5612fafb3d0322e483243c32cb110f8a7,121
0x579683d557562f7ddb1a258f506a5d0c9616a9e02725ea48fc03febe041ba313,200
0xd15d906f07ebf7a22a84177c0c4a46a89a9bce438826ab75d612736a71e26b08,7
0x8cc3fda4ce04bcf2c2cad3c13c6776dac08dece8128097086c61e145a6e08e79,7
0x16e3a18c6d91e872fe9acfaff758ecc1cbdf6d4b1acbdc18f8bef14076639aca,137
0x8110f9ae718080fb48f08f503ec3b5703456e88bf26c0a53881c94ad118925df,7
0x9822e9468bc1b4a5bfb011e0e8e246d8d4584cf4a11c8b0ec09fce996a89adf3,5
0x34e5b02bae0a3111ee5ba9415c1ee6e65692fe8e5729a9d6a60f21729b028458,7
0x901d98b3f43facfd925d0bfabc368e19ba65a2360510bdda181b2f3cc1d67a87,7
0x8cb677f13d6da650f06d133116a8aa5466688761f821241f01b56fc0cf37c2b3,7
0x91f3df2185f8627d622bf0add2090ee5475cb16ac7203e909b9756d5e81293f9,7
0x58f67944066937674a50be515da512f99c6ac01f9820f72386a135ea98326e46,8
0x209d5c423ea07f821c50de933e6ac4c09b7fee335d067751605d0559be5bd4a1,7
0xa43b884bd183e7af1f1d59d2c1052b100b22f419c54263729c7b4ca408f547a4,7
0xe7a2cc69aa53c24c32920a71b8d5db4caf2557934ad696815a9913c031e459fd,30
0x23617f7c1a0d2feaecb3539011ce60d1385151e7fcbe866b3f8aec3645f07067,16
0x21e0ef600527ed85810410ac1e8ebf617d0125133559b7f484a6cfda9f81e758,33
0xc5a96bccd6c9b15cdb5b13e603cd8ea03b385f39707dfedf1dd13a34517748d6,9
0x3670f2664abb8584728835f23c1699d9f9552c095cd81dc3ce55276232c9a3c4,61
0x2ffbd71b19a72269186150fb567578c97edd7c746c127ee57a66e2b319ff18d4,64
0xc7fa3246096df722544a3b33d6fbf68417fe84bdaaf091a8cede1f48930973d8,7
0x729d6207e0e0093ab731cdb1c476bca1739280ba91cdc702b0ae53068ed65198,64
0xa71db3c4a0a632b12241f6cf1aa6be5c8cb7b473dbfed77394a1222a9af8a11b,64
0x6476382e722f0f97fb5aab486dac797ac6b6c050698995cad38ed997b4d2fdd1,189
0x30fbb3f0f3cca516575a3c45644c397b24efbd49ee4bc524269215a94beee25c,128
0xcf263497b4bd594b3eaf650de77df2483c3443a929e815a4bb8ce2b8cce50de1,121
0xa4c6117c3e921e491139cbebedb9c411ac39893c59ff8d16a7c74ea48d223dfd,118
0xde20ba1b4fa2f2aae4e0c2dae0e8e111986743b094952272730607dc9d4cd8e1,41
0xb6341fb5e7551730555bb775f162f99d45f7d4bb9dba38b1a86af8a3c41a7f85,16
0x2e7ea15c11abc5bdc429ab3784a156741accaaf584057a3fc3a45f7f39bc527b,13
0xe47fa246d7910a7a6bb1f5bb32d0eb26b0637be6d921d63f363557b8ca0c5add,14
0xe6fd5520dfd1a28820f49dfafe937fa53f2577e6db627d1355892423e5351394,22
0x9a6aae9fbe7ebfea1527b25b0b83e7fcf22ccc6216deb414c3e830266dfc36ec,85
0x29b319d3719e9c4f6631bb95a31a81b6e860803fbfeffaa250b605804fe464cc,51
0x408c049c624c18ce6da3ed275c145e4e9a233160dfd5e16034756286db1dbc61,5
0x5d4e8d237be6d11bb1c5630e41309a25620ed5c649772d9a26ae895beaa724dc,131
0x08b8ef1c212b2de1b83966e65160a3728de6cf810c57ae18394c7c318b70fef9,30
0x32f8d40aaacb6b8b94395555d1e82ee75a84ba5e62e15ab2966b78b5e2f332a4,131
0x9d231a70f0194c485d2d50dc2b31d27c74b30e17ae9712f18c9ae6bdc7212e1c,5
0x148b1fdae92ad9556d0e7d675d1c4a4688336615a81c476841854c8390afbaa0,131
0x4216ea4eec58946ea322cdf9e7d407e8e6f6793190aca3b2954bebf164b2411d,131
0x95004eac4e3693485f79d46c48f3bda9c848643a00767d41c6b43fac22ac376d,131
0x31792ceadf2e3fd57044a567a20001feb4c4e0ef2523d43528bcae99f082066e,131
0x96d5fcb00e22e4ef2698b4cda361103c811f0426995a623e95cdaee76583e1b3,5
0x03e9742a79ee9538fbd7ff61271835cd0c22134784e0c6c9b6cfde7500e23d4f,30
0xe41df5757b4888e22f0f3ef70757dd4ff5d8099610c1150bbb20e9b59fdd61f3,131
0x8e16db29297a03a8fb1a21dd22c4eb26d5bf85c1651035c6d4ab3f3ae4265c48,6
0xf75d9627e7c0ef1a9d7ce381f6bb1fc3227f5a8e94569b30b92fb4c2423e4ed6,6
0x117e99b2f41a10df9e5d1df85e05f96fac445976ab5da2cf2ec968660bb281ae,131
0x3f008ca09147ae7da60bd7ed135f7e9c1a92459ae74253c3f2b897bb31ce5062,131
0xf0de66e77232c927b972fef7018c323344318ce0a83698040184a15bcbd73369,5
0x8f3a5a7a725e2e60aac0c59e50c9f2c6b5c1b22164696a71320d275234c742ce,131
0x9f81cb3608a8ea3f658f2b47261f2822f18f10bdf0df22968beb634c283eea87,6
0xd209c7598a431b168f9a5eb7c1e84131c7da7b043e803d3f4add183bcdb92761,6
0xe05a262633ef0c31792b22f77906c539a0d9437ab7196dc0bc565539b7f6bdcd,131
0x12079c9217d2b98163da06d561f17c4938cc81cd7d82d066855b97331b9b9c24,131
0x95fabd1ca23b5f19bae851b9aa3aeee577caa7b86e5176929b4702875ce5818c,131
0x46cf194239f2bed4a4e74782ececd7babc45b9dbcaef362614454f420acef630,131
0x0dbfc0ff56a16c101cb521819a4f84a3e1066f51353dcf9a4715619445646961,64
0x291fdff65865b39477b7fdad7a8cffb89dfc9387ee65e65b403a9f9dcc2d2bc4,131
0x0b9fabe8a5d2780bb4165a59e2add57b82d889166ce8469c49363b359920c40b,6
0xd20ce151e74cd5bff44e65053081309a4a6eb45b866755ede8f3d770d1871ad4,5
0xdcca092aa2cc55f8053437e3f71ee853aa89f28582ac98231b0625a8609df32d,90
0x08a12bad0f07bb84b4e22b07d644a32876c06d890379d7c234075cbe0467b8a5,5
0xc219cd59b4877ef27c9b0f5e1065a49c59e225478b282cf3491c19de4e670370,5
0xb905d33ae59099f361a45f9950aa550ed12404e5b10d05e6f83fc3d50c4960cf,30
0xfd3af5c93893b1cf117c28e4e8b1d91eca4c69649ec4e8dd62445667047ad9b0,131
0x606ce5faa884e5847f7c60a3c0c683a108a23ee9bb61056f54b1c556286abf3d,5
0x109087dfc63aa37cd4b1861921e49c4c1b8957ed3558c829e026be6e833cbcc2,6
0x0d6e93bb2d55968edbbd7355d00cc1c5749cddae0d526c1f8e6bdb55ace99900,131
0xc40b5ec7cff77815bb4baef99b336a9d65ff5c720ce0feb251d71f3a2b0a300d,6
0x686408b2a743c4387ed4676b97dd2855611be453f19714ffa00441102169311b,30
0x3685d15b0ae897114c101ae1753d07b8dd42cb1a9332cfc90cfc358f463465f5,5
0xee49a9c0a000a4fcb79e223b347707a51e1d5a7def4bbd24f0c933a65f4ba1c1,16
0xfd14c3259843d36ca484e4f916dedf0f18e8a045227d5115087ed6f9b531d684,24
0x8b76027fd2e5fd3bbd4c479141f1f31ef7d135eba7b724c3b587537d99ca26c5,7
0x7b80dfcdc06babe58c07e5d2ddda0e0e0b2beeacd5b008698ebba81c069eec27,7
0x83ee65b6039611d3818bb5a5835b6eb9da2c5b6072c58f6695e78dc8bc77e81f,6
0x4150752d0efc99377d7388908724cb79e8423768414af7e4a4ee857ac28ef8e3,149
0xe463f0e925ab890a85271e05d9f4e9cc23eb24b8a00c8a504a421b0b3e3ac453,46
0x6358facb4f8b24eaba1d250d17a93e02fa42e9197f424073dd1f8ca24c5e0623,7
0x31f12412912a104cd5138018ae195995c4ca9d237b589039ce03bcb5200668e2,6
0x7f80a3dbbf0b94093df09eb681feabe93e87b221d64ebdd10c101911affd6483,7
0x29331eef9bc44cf7a0a3aa77382c2b9b804a2b679adea71cb499959fd8401f0f,6
0xa662633383db628c0c20a327cd4e1677a2b2d5949379a06ea49fb47764725392,17
0x3a0b93615d1b2e369e90aba6c1ff2bf0bdf13a5de593da1c05e1fee10f7ccd0d,7
0x97c65fcdbddb0d639a81d119431f55a8275d52323e7175f901dd14855c0d7aab,6
0xf65b67971ba4332ef0472a13f263e19fd5babd0be19ecc0aad6312d0dd19000b,82
0x42b4ecca431d6c493d6d9e6994ec954b719b5a5828c1638ef61b18879e2f74a2,7
0x81d5300fd089befd3b75954ee92d4193fb34a3de02dc32bfa58b58ecc9b24384,6
0x960b179141665755b513b787cf542c8b92323b09cae38d87c4b6d0fd0ac9437c,6
0xcbb198ce672db00eb7572c1e1c64c6bc8d9e1caf9e99dce517b493ee69177f3f,7
0x10c73723ca84cdae16be1e1d28efe8664637a40fdc701f327d393a4be94d47c8,6
0x09f6d43647a5ae2d6e6d9769c7af7fb6130c5f139d8d601391ac5f7114ae57da,39
0xa3350cd8ab7fef7b047d7937da1e006b2dae2354805d34cfcbae88ed798d1841,7
0xff2e908c4c4ee8e8f7c8ef8bf89d3f73d1041da0fae1b163b48b427028bf0f20,7
0xaa024f28735abb0a09565830d395c2e28202dc349895136371325c0552761b35,5
0xdc01eeb149e914ea44ab211e5476bf59401a971a2cfcb8537e4d612f1abe532f,6
0x34e309581ef62fea969e3e4ca8729878e646fc589aeec6f1f63ecfa7e8220f01,7
0xeaf9eec6a2680733c2846cc1775f26e1081f7ae0c1ab218fbf5a270a383fd4fd,6
0x9c99707eb18ef1fcc485fbee4f9cf7c7e3de28af153ff968952c4f93187319b7,5
0xe9890307bebe6c3d704ea2cfc53a075fc6de96d33dad03b8f7e59d48f01fb96d,5
0x23cd677a845c77d8661d1eac9f4a637d19c0db4e1300ac6ce5f21c1278772123,5
0x865e56725e3740e187300967f60e30d26fa570acebd455392adbe3507271d11e,6
0x589bd413f951e54cf3d0143195915cf61dbbea7e1506a04697bb94103fe105fa,8
0xc8873868590ce6811ccc87187c325a602e35c56ad2c8840c459cec11ffe6f654,11
0xaa895397b00a3cdfe851aecc131189c25d330048a74e2f8062761e74210c8fe3,5
0x98f1c7c785fafc7904d2458151c69d24bfe47bed90eaf7db6b3b61b39c4eaa88,78
0xf9fbf312c9119ba50f6d0e845e9ee33ee3393fdabe0d03a505438cedf1d3f031,7
0x0f90baec4738939d421b69fdada5b5a7a5df1d4e30bb1906f98f6ebea2910463,5
0x7cd2a039b83b68941d2c7a07978ab90fa4c436350330b02ab6b96de9b4dadf33,86
0x70d16b3d4b87e965b8662fc40aee1a3995dd85410b077cc9ebf58b0303269b69,12
0x401ff7c20ee2b38d03b2271825795ecb4b31f113a76e9042b818f11767505072,5
0x237b08e3745a763c9bfecdc14e851eb10191b45ca74ae708984f5fa99deaa4c0,7
0xc377d1f12b917cb547d0391a2e7a37644b4c0d6f802b76bbfe374912eb8e5ee0,7
0x6689c157a7c57f0ee8ab7feace215061cbb8828191854fe81f17976ef33b023e,65
0xac51c43100e1aaf4968aa61fe72eb320dd308959dc6a7a14a6f3ebe758e7f88d,165
0x6b642d364ac780ac5afe241cdb28af3d8fe576cbb163475f56ee3f099c520dc0,85
0xd1eceeb7dafa564d1e8559765250d676bb96be5be670af942ec687faaa269233,6
0x56525359f454b7af8aad49a2d09d185440adbbcdb263d9bad5c220ce6ab9491d,6
0x6541d506c7a337b80fb9e4ed7487347a90d8c59071136e7caa11dc42b3755eb5,15
0xe730c22bd6be3ab25930a76763bed8ecf251dc4c7594fcd47b9a8becdbd799c3,6
0xdb082a58168828ff769ca059c008e2971ad993c0a3c4ac82876d53022ead1b09,5
0xbd585affaf0b76021e02fcf2a02194b0478958f2c261ce1da1806e654f1ddbea,8
0xd7ed2019092e00af958fffed1110e70245f0b7d14dbd0f7f9f3e5d538aecacb4,26
0x08046047b3c4926ac7e59a2c249fbeef2a94c33d8b0d806006b3c88081d6e41b,7
0x539253f7f2f5c4cddc009404341cd3cd2a2c64c729c3fe774583a4f9140a108f,14
0x41e5187c39ec7a756ef8d6b8763b7404ef00a87018dedad3f0a48951a88d5979,8
0xbee20a082e27d4502a7271886cb3fc54b415fcb4f39d26a63a2cb91d41f56518,6
0xfde6e688ae45502d87416f74f5d425a6f157f3d6d0c4d248e740f4ef16ff08b2,6
0x888c328c09afa5c655da807776a3937e18fd96b78a840bdd4f48a453cfd9f5ac,5
0xccece58bebd2d498802da6e5dec1251bf9529eca4cfce7d43abd39ecd7ab4cd3,136
0x111752b97fb2b38eaa15dfb048e9a4e51cc3282bf281f43b5a9bf31f621174a8,26
0x3273484a3b43ecbaa6c21380d21bab33413ce0836e07254d5369a269be9592e1,6
0xdb8c8a94f04fda1fd620c22d696c83c8110ff57780dd01472df9963bbb1be7cf,6
0x559ba1449a3d76efd6a4d5a6837386eed2d736c4d04e7a25142ad966eb729cde,6
0xbb5370b90cf425568e2efddcb69b02d9a0eb8a0d87c82fa75076c5067ea98c34,6
0x73c167c2ed26d7bb0d624fb5f0ab2c18aa2239d60f6ecc989eb654a962487025,5
0x91fcf8d757751a2e28447e4cd7b12ace0f878bb1a667bb650ee884a52e9ab90b,6
0x4378240374a1fea11c1bd4bd3fbfeb76b72db9478a6666bbf0df15664e31c16f,6
0x1633ee2223bd6788e577e70809ba87f52923e69d32f236fcbd5e7db3f0e924a4,6
0x29a00f6faad5bd2188ac0c7c2264fada6961d906d7e03ea28675fbac264ea2dc,6
0xff359cdc25f6deedcf7e6b0fb9460622d0560b3b94a74f04095346a3fd3c17c1,6
0xa7a646b82cc5917a519be2a6f8d1d6235deeb670be8cff7a76f28e629b74e0aa,6
0x2950a508f2b2e4d69130e7495a9a7f57c7f3887de345fd9dbc1fd6b91618340d,6
0xb412d18bf3a1887e13ad665f7fa22db84b1d97b3ac3ef422b8eba3e8a5985905,21
0x1bb026101870907c1b86c9d8d2a241f25976f36c013aeaa178490a9c3c018fa5,5
0xcb38dcd60d7f685d62577430ea6a410c2bcd878e8939dd569fb0e92112475523,6
0xe2539f532afbcbb2a60cd303e439178300580750bd98e874f26763ded9968551,6
0xc7b2b657bb93f14f3aea1d986da4cb5cee3ecfd90685d284cf6396c97612a17f,6
0x995438035db4dc5a2c99d6077ccd197cd56256a36453d05529b50717682d2c0d,6
0x190d0680b6e0654bd8a7e9dc969e2b195d69ec6e1d1369591983fc3c68bef0ef,5
0x5b1f2236218b53a2d8f1c24b8ec4f256c84cf316d944252c9fc98e37832aa952,6
0x4e10993ab7c23bd37c336fd88987e5c15fcaa87108b26532702f806e66172c9a,6
0xb21e334aa29ee791711154c620abfbd2f4543024059e2a87eac8b8cf0b503c5d,9
0x86b6f7c21f8f9d731230b2eff59b3553cd58442b958bce54f314028aca5dcd6d,7
0x16f01fe9341bf3426281515706b42e10d7f5b6dbda385d7f3d74bde9c26d039d,8
0x434c3b18e4ed1d7e31ff971724bf01beb78de3f5c137a7758030129c115151fb,10
0xc1a3cfd167db6d739d03eebacba2bd7ca23a318c735f581bb8ce72decc71dd4d,20
0xbd14d22645e897efa79eb3634ea3b0220fa032c3ddc338739f255a58c386faca,9
0x3aa708e6a0bf1be624aad574f7461fc8be0c60a51e85acdb0dfdba4141a6f289,10
0x6ec79dca2d305ed9e97436120dd60f94df0504fa3e434d6099359ae6c770b4c9,10
0x494465eee4808f4e6617145551d79731d6a886a554086a04d9bcaef7d6b8b130,10
0xcdafbbf6a7084713f5f7962316b60bdebcbba27554b37474917e11a8a9d82a7e,9
0xc61529c5988583ee3a6f753bd15db17b81ba19548a607e00f5238d48eb38a10b,14
0x79881aec09e8893213d7a42062ed02f41f2b4f44962fa41ea26a82e12541d59f,17
0x483e7d44273d201de93a2d139684c8c1ca208999fcff18afdade0ad89db53249,15
0xc09f2f53a839978054c8bc53e22b576ea65793182cdcf9a6c633182b73a232ab,10
0xa6b73b34412dfc004f9abe6e2e3db74ac60e67a7c6b56fdb8d271e82921e7928,9
0xb662b2887940e36528c1f8d4bb696df6b1e88d381dc11a889de9e7a57b4e5577,9
0xd726cac3c4d4ba00690779b669c02e376e87a98877bfa6fe369a5cd7672e739e,10
0xc0fac3c06b9b1f37da72414868ff8875bfd06c4fdae2cb16a2e6a680bb9fe429,54
0x249192f70a704475f701352e27e166b96c53058969c72016732863e97f5f9432,9
0xb039c209708077b77152adfb987d932bc813c15ad1931d53f172267b6bb3f164,10
0x7e22b3b3a46f038d94af5e1c50dc037fd3961e51a4f0e78e7425e597d3292116,9
0x34a16f264fee640f237dd321ad1aff1a754406a09f6ad8e428c9bee89d302582,54
0xdd79d00b0266703b3b8a41cd8a4ca3cbfc232db930a55056978c8007717346f2,10
0xc7f215646026ed0338b2be0ef33cbd74fbf1578b29020216c1ea0a36e8289ef1,9
0x8f4be814d1c5b27d00f0b72468a3fb47f44de3ddace60ec51192d651333949c2,15
0x4b2fc76dcb4b99c20f272ff1fccc84928d4f7de8561800a77f50458a1c60586c,10
0x91dc6b4f886357ae3592f38c22309daee436e04db498fe3c00d5efec0f1e0834,9
0xe6c986842244b43245207841d987e9885688fe0c362eedd1249a9029a2004739,13
0xf019aeb9924b457508f3182a47e6bc02e4a9c135d879c9524ab133f7dd82a3c6,7
0xe189d94e33406adf3c2854d8f06c43a5ec84586a6ccd114396ab7a8dc9821528,48
0x886ebb580d398919a50146d9fbeaa87f4d6c61eb492d1061e6aadbe1f49120b3,13
0xafd8bd9f9f4fcf42dcd1a159990126dff2ffe8b3afb9543b4a4e565c94b0d0f0,13
0xcbfe9b2c2d30deb429f59569cd73c1384298506786770c0b347bd9b946757fea,6
0x6e7017efe0a83c77e19bcdf61f8c4014a13a3f4ed77a5694f15113acc26260a0,13
0xd1db487b6c08f0caeecea63b7fed9f16063f5a6bc02ec85f9bc4a0c1e7fa3f59,5
0x31a4a4c0fcaaffd3f6b1f6f5093f6efe20a2700971c324e5b6cb73827258d91f,46
0x99f07a52a18756f9bf22233e64abf15cc7aeb1ab87ac2825d4a38c4492bcaba2,6
0xa4223d4f2d55eb1fb737fcc37856259a43e6b296c5a334e77c960a8a840101c2,49
0x8a795ffd676543bfb778c846ef581db319b824cd0273966d2e0c1773d9f58d77,13
0xf9bb11bc17027c94421847e647566c0b50f3c0af1e0aad0407991b7b24635e48,6
0xd78fea7a0686b1d52616296af4c85fc256a114148f4ee38c4cb2952b0da0247b,10
0x133b2bb27542cc4798ce9d0dc293da89ffb15c9cfee5ae10325fa49e0148dad5,13
0x798322f674c16fae8708e879e0986e33631bf917fd9eb45f4df67ded0382a3d4,13
0xd607b50c2ff87d0d01212e2460e2a643be83d702472fe9ba87a16490e461809c,6
0xe3af37a90c39f14d255398cecca9298ca5c7690f934dd575bf994462187c786e,10
0xdcc133e7e381ced0a54c35b9190b34dbe5a1116b871354a70518e4b43a24cfb8,13
0x1b7cbf849dccc9df2da8ac978ce80420d88975e16302c40aa961780c3170c7c6,13
0xab60609c5ca61f2ae92952cae318a72049d9d72bf790478038a0cb736541c2b4,5
0xce49840450b4444dd44cc51a53f74c68ac3b243adec49c24047baa16e9ba7ae6,13
0x656039df275062de2a439710a4aa0671328511c447630d3f05e4f35d6f1cc049,97
0x208721a1cf3bf7ef63c58140d47054496aaa9dc0feee9f3bb0d95f8bba375230,6
0x4651b6f929d33e6c6dda7ba3d4b69a690094156caef0219a8733dcd528e37310,6
0xe4dd13be90246f23e092ac3367468fdc6fd7bd7fdc956406398ec2b139424c5c,51
0x9270a3d66cba8579c13960c2217d25bc791ad794660879abde6eb666ae9d14b9,52
0xb327e1749e363c8f3c1f84271c1d1ebb6d8c66024604e53500d8426ef96ad408,45
0x8cfd87a6abfa23831c5221bf9e5d53eeb6d231c6340b480af6383e5f30fbe478,6
0x07aa26c4d135540dd172173ce5df32e6ad209b06338b3f36cfd5b9426c7d984a,48
0xa91c70a04d07a6486c2d2802a2a17bcf6f22240732941d12fa2402fa718c7f90,52
0x2e16d0e8cad2ec94304dd51c7765f8730ef49b828ffa3318d077b76ad7a44bfc,50
0x63b1697d66131bce1b4d406599548bb6007671197a1596b6403335f2592a61f1,49
0x29c12a97cf166bdb426dace269e5a9779c803bd7b9276fdeff6b872ecc0570aa,52
0xc9d34f2e630e8ae06290c17fe8cf49ae5ae49f81e2d2583ea0a13db5083e1341,45
0xe85e88d7242ce29af437e07e04c222506057663e9f48126220d355bbb2a67cb0,52
0x59b2e1358da4c070a38e2cd8f3eed31356cb511c731e18ca0ce7c96d9eb4b824,45
0x71636521d7c97d55c349b637390fb4497d4f8ce52529ddb6d9a4ff537069d063,32
0xf5d7e4a99607a36986f556e8f638ae692291512066660372a3d38580def358e4,50
0x08a131664f87229dbecab1af132999fff2f4da146c7e6c07423827996af5bdb0,48
0x4e3af298a39a0b4d01af45cd20bf83d0bd7ab0fee83e479322459c4d734881dc,6
0xc451cce870d6915a6f4180595fe3727ccf7a0c4b6d9f07e169a649630130891c,45
0x93a2009f56d2ae9d4f224824bfc2ad4b7805417b5410d5c824fdaa9beabcf36a,49
0x785934026bb19e5bf0b8e593c31e84fa75bf5a7668c54c90eca9265016e054a9,45
0x0f32d4d7167f073d9d903b91b48dfe08d2762e8b0a29e14e649bfef89512ce61,52
0x8b54607b7cc79c25dd0a24d693c0a52dbf0840909ec0569a7924f22cc3add8b4,52
0xc728249c400d6cb64e7c82ca0f642786c8f1a1f3a06e9fd69cc814ebef51c931,49
0xaeb7388b31fc48c9845bc05d2260b419a9df81ee5ae7208662ca307b4fbb0e26,33
0x23ebd642c181d2cb5bacd95b658e94ae4019df7885fb40436e79b52a1912eca4,28
0x3a88cfa982114f904f313d5b09380b3091a41d03bb77e07ea8d56014ddaa7603,50
0xa9ee4b2082d3620e077ede9d17d722caa4ed54b102c0d45eb5fbd4ba429ac0cd,51
0x4f58c0282388c796291f0f059ebe17791f7f3c4413cfd6a2bb020c6a723f5ce2,45
0x901f8ec3e284acead9c6e978c9bc651e2b45763bcaa438fa051bda6c5b84d604,28
0xe197344d6f86db4cb7359a191befc93d345495ff573da62c1913992e55e761dd,32
0x635eee42713bae26138f304076cb55ce98460074e2b5255f5a876868f907d80f,45
0xb5a2b3f39ffab4daea8a0cbfd07374dc61016aba17b5c9d3cc38b709f0302182,6
0x5aeafa2d9c9865ebea3443688e67601f3e19c9565746954c5b839fe5fca245bc,49
0xba3a693b0113f5d83fbd212857afe23a394efa8163b6fa791490ed0914600571,50
0x8167d59f6c0fb65817fd49770a7ded38ad34c6bffd2e1a8f35bc4980dd64ccc5,50
0xf7056969644c210d952819177dc81ff68b5c91c7adb0b84517b584b71884e013,50
0xaf99acf92a4bb951c070b5de3ae11718f31d5478742fc4fb0101afb71e2ee3d8,46
0x233f8db87f4ef57f612131c5d5bc9a6e05638c496d7a3fd4e4a73f52aa7cb49f,52
0x6f432f55ac6ce6895256804e9185b2af7c8e289288f3d30f93d3860b26c53885,6
0x36ae039e3ffd0063981159d6ce48864e6afe50ef0344ba058758f981ff9b0835,50
0xfbb957ed385123ae95d381ed81a0324c09e1ef7f2240718218188b5a74380910,6
0x62dc4f475f72b31070bd00cee710a20ab6d5154ca7a9e9279c14634a6ec04a01,49
0x9a8337f8f916283c359fd01452ed5d5e1e5e64f5287191b4f134f25fdc8e849a,51
0x132db61627e8d2b95f27dc9a6f64714db55e3bc2706a074c959984d535828cdd,53
0xff324c740b7a1c1490d0226cc2d0042a3dbffd7aac05fe8b3afa02e414a026fa,6
0x57013fd52a3b754711535398cde9a28516cefbf0a2215675234df55d17eabd6e,51
0x5f6a8f66b67d4322eee9a5b642ceb4d3f167bebcd900c32827a52e8740ed7e68,28
0x2b75971d9f62ff8adfd1b246b263cf41f6995eb06514c7b7adc77354d70d3b46,52
0xfe5c422d022ffa3f685bad7d89edd46f9a5b90af322f471eb98759eb110bebf8,29
0xace1e6111d8220cc4fc214006de1d4ae5222f8d4dbdc01c9da7efcd68f635691,28
0x239e45d9bec504b34608f30d1112acfd831e275bdd51730bc761771d54e42362,45
0xf536071ab497b57925ba09da64620976a2df1d73d01288efe9ab4e08c6654eb9,52
0x2bdfa720f487796cc9ef0e0db659b2708ac3a6c24518767e53fd7e83e082acff,50
0x54dbd7f9e3a1ea3fe7da107b0f2ad52a4c2c70a6f3d9b319c9c8064a1d58da73,52
0x979cbb2e8d07cc08126c046b3a5fefadc73ff770389f46ca89dcd76de1e60ed7,49
0x3386bdd91897f7fb70b57cb3d93777627f98d93801ba973f1e5bdb8cf391eb5a,50
0xe2f491b068859159df01a7e4b6f0d361828d61556f15fa2fb38b510d226a3267,50
0x460d5107b2fd8089d00f9ba23a8f287bdd2a7fb5905502ded38ff9c515a56bcc,49
0xdc359276ecb11f0f5f3ce0f5dd5e4a43ce3dc829bf7e388b1846e3be38db7cc3,52
0x256d7c97ca03d7661600b2f93e860b2434e0b80fcb4bdf0740f9f351471be0a3,52
0x42b7f9185fca6cc94710704f0aa20ba8ceafbeaba542be78436163820a9e4757,6
0xf05f23440ebb1b37ebaceb3767b0e98a7f6ae37b8b37da7b7214d0e8998d7fc6,51
0x21ee4c044d1831894c46266af76f64f828bbf6fef61bd20511e993ce1d202ab4,57
0xaac6e0b300e5f05fb44d8eb9bae9e90d1f915a412695484186a9fe69fc9c5fd6,52
0x01f4accf49ddb47caf9ead5d5adae524eea749c706b0fcde1657e69ebbbdcc8e,48
0x4e2ff91628756a27abf1d3b35cbf43429edd9d73c2b123ee3657eafa03e62cf2,52
0x61aca175e20abadf0de1da5ae138383a1e1838d964a982ad8b85e7c23aabb6ff,50
0x51ac44a5178a2bb04e9bcb6f134b034fb63b938fd49c465f0f0460af136677d2,31
0xa10585d295fd84294c356b51e66d2e1babe1de48c42c1aec743d6a4a8965b68f,28
0x62374d261898cdadf3f768f3ebaeb51e0834a62cd1f3762ab6a34434e77e01d6,45
0x77424e91e4933ba8319c514dea8c16a166b9fe40ff46414c830b2f37466db5cd,70
0x181408b8d135e4cd7e8add1e53ea598fd81a11adf7c61986f70dd668223cb465,45
0x90a4771a4f31b68596b64cb733c6d0c10bb58378490e734f70dd612cf46b22cf,52
0x113e7bb07041e41e9f8f8602980d54aaf1c3de81a6e8dc2527878cb68fd8f29f,49
0xec759fdefb182af4237d9e42a7c715be7a4213afacb484ddc066290a0f84221f,52
0xa4020c9cda98297a3f7de0c0b1871848f835c16f8494a56ffac2a498c12fb5f7,49
0xeb10b7a8ee60b642fc32024bf101e45d4754c6299232e2ded098d01a4d55b80e,49
0xbaca4868a18f0075c35330ae1a70637d7f38e02514f4de5a35be022d6ca589f7,6
0x8263c57e320bac37676b2f3dadfe37c2c9243dde44c440531eb5b5fcc6b9c2bc,59
0x273d1497314ce9e6e594741e30b4f86f93f34960458ca2790b6c5643c430aca8,6
0xd5fca9b9146866df0df3211bb9008d884a2648e3b15ca6ec51d4a5b50084d9d6,63
0xe122eebbd2b4a968e3850bb460519383846eccbeccc4f36b76e2473acd903bb5,5
0xd42f3635e8d63aafc6e836b88c07565f3fd4e8c796d2214aed5fb280e5c8d21a,49
0x225c7a0e744a67ef6ca96826af5e983979a9f4929a47c882063f4bad91ba99a8,43
0x56794d354dc82db1bd8c2e6695b21817fb3973b45caab12d63f31ce618915726,51
0xc80d54a73b16a443a54372a5abc3ff376092bceb63daa393f8f4f3a933a91e4a,7
0x5f89649683ca957eeef2fef7dfc2ca743d031b0c9f7746b8055d8859335d70f9,50
0x370d6c9bb7acd3df44a213f703c44cbb3dc37e17c6f68e49240e5136e1a0bcae,48
0x7c629e8faf76becda38c9c154ec936c9ce1149c4931ffef80e789e0ec1ebbe7f,69
0x2a63e805241caa902acca7426f1fd5e643978676a8bfe39c6b329dcdcd537c96,29
0xce39f11fcda3de714271b1560cd82e3355dbb3ef2be6a728ebda641b19c737a0,35
0x59f58738eede53b61f9b669cc591dc3d2801789dab1396a8b1d9fec3e6abb399,51
0x4fa2fe9d22a96452430121cde682bd2d0ee6af473ddf4d62bafbb6806210fd94,5
0x18a691efdd2436ee9f5309417e5121fef0f252fe297fcedf9d0e0052ed059e38,69
0x21689d1c243520bcaff1f0a9d7e45bd63da4f86fbb6a3aec93008e17d437d2c5,69
0x2e317c0dceb7b4ab2abe7c43f302b0253321f92a941709f871975799fd5a168b,51
0xd05a884bc246748d4c200eed230b0c44d13866ee65adb146b8bde020f3be5e9c,70
0xd765331b1635b97fdb370fb09109908fed3db7612c51e73db1c8e5bd01cce343,6
0xaa28cbd41058ed7a616bc730ac852232329451a892ed031fda273f1c4e7c7151,8
0xe60881d4c7d67a75b124257d5831a6ca6f5e304616f0620c57c0f8cf2e5295ff,19
0x83ec6277e0b990f2bfd3d64410379e04878430d836f71bfd10e473561f1512af,5
0xf202619dbc5975ba3328b5292f96fc28c019d03faed3ef4c9786930b4c822f07,8
0x0c030d2c004d18928065001ac973ef5ab44e70998ea1cf600501f719bbcb3076,24
0x13033198e37a7d148227100458da7b0e66550b4d30d78e4849ac09fda0a0a7f5,5
0xdda9371f6b3e763c6829ec56fd5316def8c0746594d933754db37f3dc7b78fff,8
0x4a60acfd021b35cadb083556dafe03c154494ca3beb92322744665a6b0b4b185,8
0x3eb853038ea49f13025119d7980547e2b41cf428023d5148c4f65ec79cf7ceaa,24
0x55fd88a3d642a74af3a2ea4735f076129525841e7825b6f2939bf613f1454a9a,19
0x0441c0e10463a1da15bfe09815a38b8bb495bf7b5075805e593c33c797aa8ebc,8
0xa5917a6e4f237398e88bf9f089805b9a0ff2590a822a5a39e7be7f81c7f4f218,23
0xe403252674602743a03b6bd82b78fa1598493353b49d282fc3919d716d8e325e,8
0x6748ba2ff83d71b58dbf42aa57db8191c6f76b6cef1dfa3f3bfaf8a167775697,23
0x080984eeac7ec9f007839975e767b24d956809013e0e913b156699d7e3c99ffa,19
0x0fa46a7ac71c1400020102299f7881948a399fb9a9526db088e215fa255148e4,19
0x3c2423a98a6424d0410448c993e8d1d7bdf3660268d81f91c29e493d241b7fe9,8
0x83f9c6d5bd4b60522c2640e6439e6c609bfe6388ffb57c435d02a51561f375ab,8
0x9472968d9154ce84db3b4946c07e2059f6f5332ad39699ea1e7c2c8bf2cbe3c9,24
0x85dc0fc38ff79608d47d733c0e168318b22c5cdc54c75e05836e0d22523a5ff7,8
0x1ed5f29f316b2bddba5f4b9d3c0de380341064efa7098796f555c34fc3e93f98,5
0xd89a7d0209589aebd91a78858023614b2cbbfde23abd839fbec71e277593e692,5
0xddefa34c8e830f31b0ce10ae471032c56e2fbc34f9bd8b57a62c27175b28fa62,5
0x68632aaac0bd7cf6f6a7b633895cfa8cba1e3f2cd158f10aff7cd25be88da7a8,11
0x35860cfb2c65a607450e203d49196ed296f7242cf1938078d2e303837deb800d,5
0xce554a3fca54898f04219002ba77e6975b02628afa1e46d4a8aac9a7c3a69eea,5
0x7e7c299953ae9e8e1bac01ae09b98bb88c41d2ba98eb92ab530f5da2cd0e38c0,15
0x26ec7e86ae2ed35dc25a7deea8e845cfff0e9861d39ebfcd109d1ab2b028fad6,54
0x5d4e84629096c6d8372b369cf5113f5c044f1f8266b8c8c4aa17b68341a36d72,5
0x97910199a2638af8c74a82b40d447b964f0c45346783a660f6a8f8d656e9b8de,5
0x15240e49e874864f48fc27d091600f41e5030522759d36108909f8c1b21946d1,5
0x79c1d9893aee3128640da5691ae0abc28f35b04f40c81fde01725b547a1ac96b,12
0x6be7ea599774b22d8279f39aa3bdf12d85e92ba5524c793e7f6062bc8f797c9e,5
0x60b32a81d08d8dca646c11515c9d857881b55e7a0c51f0d8128ea4fe8c26cc17,5
0xd3ef230e5b67a6ef488fb69c58b16644beed3c09a4716cbd2f8cd52a62c71e92,12
0x0ec97bf78c7b4b462bf9ae940cd07857bf46f84d2099f812074a25553e530ce2,18
0xc05d202c2d5cacbfcbe759d5e3475238bb2554b50619efb29b2385fc6a612e2a,5
0x983d7d886ea4cd088cce0f04e6ac4752f2b003665bc39c7b8550b2cc7b851776,5
0xcfcfd29413f4518ca68d7539c29d26a2c930d87a2d068d83370b27811b7b1b49,14
0x60ac05f14f9824859b12afc6434421591570803a2b6c52db442da18c4dbef765,5
0xa584eebe05f8b76bdf05b74ff9d29a5dda49217aca444d4c2dfa683b49b9d6ae,5
0xf57ba0127794d09e274ff4079ad62d8b83fe420e4fd2fc9d44bc63a33a44195a,5
0xff524f366a1d0608bd6a8a2fa7742362e35d91bfd4357b127c2b5faea517e3d0,15
0x0e7f99d1ec26fc780d92cea53956f63ba9a984ed032d60b1acc5fda147200db9,5
0xab8b6222983bb1e5a2c604585f7ad1b8e8614309c0995f99a2b4c5830cd2a544,5
0x3fb3044d16f8e088cd47a165a4dc91b2450c764e530fcc8b310f9a6aa9fc0b5b,5
0x4f50e8f1136652009ae5c499dfe4252bdd1c806884f8bee72b65346a5b513372,5
0x0013919c78694ad5672b874a9c80cf62b06c63e337baed9c6ca2e8826a3b2c5a,5
0x0aa3380a7d5f6eb7a8b55057776c69b62eaad836131584566060a37fb091ed50,74
0xcc1fbdda29bec3a4c0072d77bd449a0cda985227cd86a174543c6c5cfd41f434,11
0x892218bfc60b72cc05b71e3cd5982a91f8b33333f79631756ab41b345a5cf19c,12
0x578f4793a000900799e64ab23c54009fd5a7925956068849c4cc5d2a7ebefc04,13
0x71fec3ddeb4cbda93e9d15f409c487ea821f9115ad73d031dfb5b60912d8bf71,11
0x62c1331818252044861cadb20d5aa372c94066b56f8889dd7baa2b35033b0078,9
0x40efe8ee9b850aca3d4c2321e0dd214de04f9a0f93ebec3c0eeec641ed138981,9
0x4fbb104725b6c6404ff031414ed981cdf1b6f89a519106a318ae6d8ac7aa9007,26
0x789e8bafec076dfe6b1eb1fdbcc956d3b7fcc7f1bff43b2c07dc6f8bb50ed743,11
0x9635a36385f062b724916aededa564569086ff1816573e816a5ae5003420e9e6,11
0x4d6b6fc20f5935ea567a3bb9ab9b2eaea5bb4a2a493e4e664e7974fe8de88fdd,11
0x84ae8a9029afe095843d6497f722ace0bae937192848a55f96d8e2b2d5e950da,12
0x685fed6fa0db43a5269c8da7904e1d7e53f6726d87f6f131cb169baea851f3a5,11
0x8abc1dbf73fec5af7107a682fdbecce4f4294afbd84fd4d857b103dd8a32f2ce,12
0x401a9b9540ed899ddd8c1452d1fda87f43178f5255f5b7ebe2caab68c09b5ee7,9
0xaec0b0084cb27efbe4b2cdb5caaec45a31f34a8bb18cfaab646a1d888e1e8d04,38
0x8b6d62510907ffb835b26f6dc52bb0b1effef6a5c9139c89ccc753b9c58fc482,9
0x3265e1e042a678c0cbde6c628f1f748ba1b00af769f88529a589dc1ba0163953,11
0x452924b4281f66ad9bcac97e642b422bb0581a7ff0cfd923e8a1e378e4ab8592,12
0x8c17e231fe93db614c7d1ab56121b0f987a0d69b798f2be9d207678efc3e7ac2,37
0x751a145f6c40db113b68e2a07a9a9d51236d251ca95162d3c4905590c29b4a0c,12
0xf42996a13927c17242e49563bde5741ac60571966b39caff5c81d24e18524ac0,12
0x5ebd2afde477863005249126e45246565284bc1a585ccd9c1f0b373f731bcbbf,11
0x3a03adaf2d2c2c8b66728c7b001c01e406f508b89178d9ecf0cfa6c37eeff0dc,9
0x59ebe5573e5b99a292c12c876bad5d755b02e9ee8aa1a354dea47a5cd55e12e9,9
0x597cf490b24fc67ab27b605f98e12bbed4e94faf1bb5924a004274679a63df9f,5
0x7ba7837a3ae2e0aaa1a5e4a4f2b8ece8855ad0190e12d4cd0d372edd70174dd1,6
0xece71b30cd3cf6d0d71db2e3cb6cd13c68b95b5c8678217c4928a53cdb9c74dc,12
0x5831edbb85d2d22c899fe493ffed5893b242f361dc2828b8f1c3427d288e62ef,6
0x7c32ff18720870f3f5a9023998d8fa57bab1375e2c34a6598d319c6471aa98c5,9
0xbb407af11d93c134636c30a50781c5515112c1816574d5bce1fdf0a9e2165e2f,11
0xf6b9a3d0c758ffdfdd2cdb7ab3aa0c8714b4c03ecd9efe3e5ade2e607f732cd2,13
0x5409a10c28f0699a8a464abdc9b07ab0a9335ff61d1a4f7e53f70b7e82fe5b45,12
0x3da8741db784bf487bc1273afb2806b8b09ac34f7649e59fe0f7a82c2ab97552,11
0xfccbedb39e75591c249c4a8348d215c01f05ad203aebd878738ccb2b6bd9008c,12
0x396e59fc7db83bf29f6f83ac9dd1f9b093e3bea95ff54b7de39ccd0b0fa06625,11
0x59fb3d1cbb64aa8641f1654720688c827a15e3363247442f6103c2fc54f8e1ec,11
0x6f1c7fad8c40f1b9c4c529943f72627c987a10845fdfd0d8a9eaa8a275cfb1f5,11
0x680711ce761fd38cd0bb981081fd1f4289da959aa0f51d8f37257c8d8ca70f6a,12
0xcbd164a4d326bd18054ab1d28740a0ec5abcdd7fa77c03a2df39199a2be3600c,12
0xa57bb75cdecd6273fda54fdbc1effab11afd22063b3ea61b94f0b642c6014f5c,33
0xeb59f5263399dccf434a2416af91d20ff38ee11efb288d615e78a3b6f5e83c5b,11
0x3cbc2e894fe67018d03b442a539f950228d729f0d522e503a6c8ad6aec857a82,11
0x9169f39504cd7137f7ebef81306d093dc19ee0f94a811127b166bed6e50bdbbe,12
0x4a8cea886680cc9162fd06ee6b27d008769463501de95d6fb8593e2639c11a56,15
0x113c1384ccb29467a16c3ad3fa49714e02afe98aedf2cf21eee05748aef55174,11
0xc01c2d85e0173164ffb66b62c4911148ca4c54177a22744497165d4494944bc1,9
0x2f79cc5aa258fc91bdf7084899ea9ce705fb77ff6932913117cfdb6d569602f9,7
0xd8f684ca4b638e006626b338063b509019e187d995045b8161e287fa0896d6a0,7
0x3493b21b7ffc121cb050116b442f0f6157ed5668bbb6e914a197c4b6325e40d9,15
0x964af551780a10a7a7be4cba2e441126830b18b831387f9b8006b3ff2371e744,12
0xa3a880a54be4a749a9c9ac1b7e57cdf10636ac00781ade38e240e3d04289f3a7,9
0x1bf993133e4479b4fc7c3dd9469a80efcadcbd15c23901aaf5f291f308149bc0,15
0xf94993ec164d33b391280b2bd4162205d4817a5ba1fb628138c5b2f1f5d7270f,12
0x3f656a2b56a4943232dfce2e5d3bbb75b71e7f40fad107d4313a9695d7401875,6
0x234b81f5cad10327d524a7c74b2568d734298d91c8ccfecee7778da46c3cb6e1,12
0xb02ba1786363895c52a3562a48b47694991b5d2dab4e2584463c7fa6aa1de5d7,11
0xb356c367fad84c0ec22cd636e324e702d525c81fb08d74077965a01c6f4d44a0,12
0xe156f86714e418ca55142806ce88685b89285cc8afefe40d39c39270f48326ed,10
0x7a58216623bbf7f2c649c8a83fcbcf80fb8f7550e81e629d58df871713cd4bcc,9
0x191c872821ec86fb89ff23dbf6b117dee1b43dede06d7bc1556e8bfbf60cb78c,41
0xce9c35c76317971de53939911b7178f385cec48771c502fd50f23bb6254ebc7f,46
0x4301716db71ad729aef3e798d4e39f70a7343f7b6fb30baff6fc728df0c03ca7,9
0xab8b46fbe62b8fb5839623f6ee80dc80eeb67789b5877af510ad21e55082288e,13
0xd95573eeb49a2b5274e80b7fd6c5c7f67ff7128c421785e9f202aacfbd147924,11
0xe8331e50e19c7bef939c79668285baac1d50bf7ba7d7be4301640d72dcc65bae,35
0x20a6a94fb0e402278a86e5240ce94d3a323f6ef685ab170b92d7916f3c48cf61,5
0x71033a934cb3f03de6d9e606a251962fd85513f5dbfc3080bc1f768822f6a9dd,9
0xdaa534b42c5a55c88e8d88f9507b4f227062d995103df0809d43d975894574d6,5
0xec287ed6c15e49a3b8f8be7ff082eb0db16b6871bf2bb8aa8f945d8ad9ffb9bd,5
0xf19c9c5b1a33ef63c219944cc72161398ba1a562acab6d63f35928c141570519,8
0xb0bf21972de863e33f14235d67b8e915295a54a18a8107b9c9d9bf71336bf36d,49
0x0a006c3843ea6b6959b46a46b7a0cdc52ed8773ba19d769b71d0d8b2650476b5,49
0x56da46ab2543b293ff7bbe88e9ac848a6bf793e8107ea620ee4308b2690f49a5,5
0xba572d578f783040e68dd7a7c5a0e17e515873213a20e38471fd5b5751addc79,49
0x43dd8c5a98381dac5c73c8d7df119bb3043dc6e511531d952309c45195b28697,49
0x3f7cdab4759ebebb4dee7b1a9e7851c72eb375eb20ec1afc503a31a4192bb3a0,49
0x793ff393fe37175238c37d35a017ba769d483edaa8c5f165f89e3abe8c206614,49
0x13f0366409643076c8211693e8c8a35a40b18e26dfa0d69f4d419b8ed1e359d2,14
0xe65bd1284984aa9185413394297953f585e3aa0f79f04ba7683a3a18f0a6232d,5
0x37c34aad0dc834f033510bf0834694fe2ed065a284b0c064a42592fbc40b37a0,5
0xf519a03a3b7a44c0527ddf1ffe1e884a87985a36c29eb80698f1a7b07b478884,49
0x21133a92321c5791d36ec7cac67ac6fab6c8ca3fa070ef973f92f65234025ae4,49
0xf6a5db4a81920c194f781693c90e1a0a9ec1684b887b7471d5b217f8aa03e801,49
0x6029615bf7244885f8c3f2b9122d7b4780a474acfcda57d8031535388b5e44a9,7
0x96505a585e88f24a409cb7c3bd349e5570061e1de9cbeee7e944aa5f64c9df4e,5
0x46f808f72183b93d6fc32a519b02a6ac87f2478d51615d099af8e1ba4b5f6902,49
0xb093e8ab59a150cc222e07279177488df3158d43028f3c3113afbe76f50b5968,49
0x212aa1ec6278e74ed0f3ae4eef45b18fd4adfd830715844e0588eb607b464e40,46
0xe2e4442197df901aa5b7c022330eb409a2c1fb93be6de92fb54a1bff8d98144f,49
0xe7dd85a1ef3e716bf3bb065b193a5b1fd526766715ca8f985a5f06f8748951e1,5
0xb96ef5b0b0175ed86de4df291a3ddb6a739f47d191eb3125f7e52352a6b35fd0,5
0x41e9c5af733be5bd515fe20748a65aacc106d1272034fb9afb17e0b0e33e42a9,7
0xc4e36275cfa58f7741cef778334f38a6f89ef3aa2f01578965078607e48582c8,75
0x1ed8802c49ce5ee58271a552e8b07675880a1c33ccb037168f5cda253339c99f,8
0xc38d749d7d1b64e8c720cf6440f095773069b8243e7a347f651782c2ec566ea5,28
0x3b31077b28d3b1173b625165d647cd5d1ce3fb123d1eecd7fd81d54f2722058b,28
0xeaaa94b42c2e73fc036cacabd366ee7fc85a036be9e565a1eb705ce7d6be05db,9
0x0f039358129c20f1f4ddce8da1eb7aab80e11a4b01c5eb20d97dc30a8974f574,28
0xbc5edc340f1cf273b29f8fc1ccfdb17aa946f05ab14e377b5449ae511d7026af,8
0x5b710ec378c228023a290d5ed335c3a03072e7d6419dab9dcf05d45022923bb5,8
0x4ed9f77e6390c375b1fd51b40245c02ef7f4493e2cd835961603c51ff7603717,75
0xe6857c448780d91ff1b6ea300619daaa87b69ffc3b454730dbb54d8a3911dffa,74
0x5a8029020e5886fc3f2fd51f952b39e467c1deb0e4e7775d2c6115ecb0737f7b,75
0x629ea2dc02f42aeb2ab20ba4e249f5741fda97f6b332a46af12251e0cd7fd13e,28
0x268ada694cb4b1a65f88bf6dedce0c08d5aba09621dbe85d9200ced0cac6226b,16
0xb2b3083134c9606d34134aa6f81a64b25fa97dc8924adb39ef49278f425865cb,9
0x0b1fb15cb93e0d3db85cb283460ed8236078250c7d07f7f8f0cda968691fc5e4,16
0x90b81ea9f838366419d5a207f2d64bb0076f5468e98d53964dd4ee02c31ac686,74
0xe4203ed6ad791708297e37e1e2df7a51b0355fb357afbcb85d7f5c60faa8c7c5,7
0x18d9e4edf2aa76d6e1efbab28b9f94db509dc0032da20b75ea8309a7b41b6a76,28
0x150c638f7d9b363454b82dee9de0dbf98ed987e1a1fbd8791d01e0dc6eab8d40,8
0x9d4daa1fe721ca8b76dabcdc8b491290fbb269844f72b1e26b2ebc22172fa887,28
0x4ed3add94cc122aade943eb59d747bcfdc5068961ba27f1c2b1c4d1ff21d2dc1,9
0x621a9686b7e78dc98cc2a6bdabf5f315a8edee49359b7e6cf3fd0b603a864c6d,10
0x12510cbb072babf2a9b59e9efd75a3626d89ef93ae3d44f039bbb4034db56a3f,9
0x4947591d9ad81341cc1e88bf1a508675554693bd59e2ae4f6b102f3ad677134c,9
0xc8f67cd887a7bfdb32f616a17310ff2ca48c216cb4ff389d0e17bea655677486,28
0xe6e0208a9e5014ff507d16a359db466bd98c0414be72982835001eee2fd8f5ae,76
0x0e69c0af6557b886c1afb982d903d06ed75a7d3e2f97b8ed98b9197ce4447d9a,8
0x62cb3e1f93e717296c7207c645adce86a47849997ab96191d05362dce2914300,17
0x06bbb0674262f5e6e488a37d0078688be16b5cb502792093ab3e762653905a6d,75
0x049a52221f6bb92bdeaf5aa629c6b6e7341de5affd30a31902d82950e8babdd9,64
0xda2372391d242b4f41594bad3f5d359f100bfd2acf2317c89ee427b757583f9c,8
0xfeaf0ffc3e3e658687bcdcab297333ac981025bf9a4277facae81123af4708e8,16
0x63299865f52d4604bf976c7247719de77d6ae7b5d62834ee34a10ecfdde0ce19,9
0x6cf574789afedda24fa0e14abd2a3db8f223743c81d52e42f4acc6f6a33d8bbf,9
0xcf7dbeac6d063e2a0ece8ea27bb672598e0ea8fbc5a2c0663df0c4e6c3534f8c,8
0x53653bfe54ebe6842ee9505f25ed65bdf245b24a260a644bae2d51bd04432792,8
0x570a19274f74c16a628f2693d3a56c4ecceda4c3ffe9392f6f4e21dee40aec0e,72
0xcbed77bda668343631278d53bedf331de4aa46ebaceb430f21fca6cb742af130,28
0x6ece8859b8e50e8202124faa042a99071e29d19a636be7f2cbacc4e68f3fa36e,9
0x1a556b7a272171bf82e4cecd2aa8d1891d92e966b1cf90f3040515c8e90ec0da,8
0xa9370ec28f1872eb96ebe74b33203704382dc66e7329ceba304524ff534c6dcf,8
0xe36d167b8b9f6fee2a2a4eef324bf7701a603f34d8e088f00bfdbc03ee132ded,8
0x578063484cc14765834056084ceb0c9752dbc34f9aa7a284704d7fe4831fb9a8,16
0x4ec8a5a44f43c0fbdfe8cc768435ceb2234f91fa28da35e14a38d1e3251f3e6f,15
0xd81b9393993ca2d5bad92c88f26559b43aa0e9121eed32f69842c51f035405b9,45
0xc8116fc5b0bf7d46048d0dffccc9baa7d771eba4b400818e2b3bf6259f06edc0,17
0x48a2115ad30089f76547b20c6c55d0291244290e522e9302639df8bd1461c129,8
0x181de70fe4859c45454c24958e6929b1c28419b374b70f8f62d98209266ae82f,74
0xe7f6e385cb9e1791744f0e98802988f445445e1c9562bf9b20646b2a0e987dfc,10
0xea888eb57a812e605ba4285079c15fcd57c66fe0254924c8622306333019242c,9
0x950492d6443ce38a908ec887bba35df11bcee641cac496b2f9ad69dbe4b27bb8,17
0x4cc2cfa101ff18bd886edae9b49d7e8fbfac29d293ef51ac5846920754da736d,74
0xa05938a26bfa984743198f9366737d3b4f3fcb73fe0df6d00a7b360049b3f5d1,75
0x861a05a1e1e55421209449091907ec895f8badfbef21dc69de37ade0ed26cbb4,8
0xd2d322e357145e5d27bbc32a30b61172866b0b62e632024a469f4289fcb15495,8
0x5500444c8137d72d95195c8bec70bcbee53362fec4b66c00c0085a9cfcc70a7c,28
0x66bc5018b4810848734bd2519750e03252fb9617c2d9e057f657efbb03f9a538,74
0x75f3339b115d3a948712a68736c2e6e7dd2c3835453258b258c4592225386407,16
0x2dd776cc5ef76a0eb8ce0b5726362c33cfaa60d9b878991f88b642bd16645da1,8
0x6b0fba1975c2a769f1c1962af7ef36ac827b1bb6e12ef598d20beeee737ca850,28
0x27f33ec9a9433a0363086696610683cab7d6faeef195a352f08f2dae88d2b606,16
0xd8dde8c346cb3dd5b07a96198fd381c9fc2b199380b959db02bfd8e475018193,74
0x046f8f9419c187f12db763db8e6c18dc27cca4a49c944504c526adfae3a2a757,10
0x4d8b10ad2ff7dddaec63b561628e5fdcf5107733ecf850d2698ef7f9eb2a3934,28
0x7c00f8888d6d1711146d321438e1a850c62d2b1fdf2c7c119275f6291cfd9ddf,10
0x847609d7ce75ec7f854137878cd2c53dee2b466258bfed7f87628d74c335e548,16
0xb158d4d7ce1851908c2fa59f82028c9a4e0cfcb2f3bf23ac82b0d955f1d5c7ab,74
0xd5ca58c602786f0a91841f08a908cc582761b0acf3bdf72e10e4b5e0df10d546,28
0x66871444483f289f5b06d605e6e9d3a039ae6e9cd2356e12771e764a61416684,28
0x537c7f1d5724c50db3a5a48a6a139a40c527cdcff99b6273e1d978a7b885a9eb,10
0xd9e2b421794d67631ac8fad2fbd83b4cdaf194da505bb50823f606410cf81416,28
0x54905ea776fdd41043fcf0ef8828e8062afbc4cec663822302fd0ccdb307d8b5,8
0x6f086bb666432b5f967ff58343c46d683ed7db8339d9a7f6c7c254d978a99506,9
0x67c75f4852ca79f08a7766c60bd9edb7df7f353320c1e168514e53b8f6427a81,17
0xd6e5301e6ba27c73eb467e495736d41d0acf49b05b1e3ce60aef1516fc78b79c,28
0x70332dfc2149fdcd4c031d0440068efd0288d243256363840a7495e96e1fc03a,8
0x05558f3d27d1ecfe7cf13b5687722aba4fd353e49e00834331a62087a03173dc,9
0x3e4be5e68b2c91d7534b5473e7a6a3b27e14916b0bd403c1a407b19e58573861,9
0xbffd431f1d1e017664ad458c50fd52d0cae4a126f4d320ac62e76ca5a0ee3772,28
0x400d3f9e359ef6fa1e51a63ae8d45a1b3797b90cd2cbdb1c0aa7a3f75bd652a1,92
0x24c5b2343fe9bbf9c2e68ead9f71ee1930e483aae812805471add00347a86cb1,16
0x82f423a1e4d163b631344a0574ae7c3aa2b12f4bac3a066bee485f5dc8b1aa73,8
0x2ea7420e2bdb8ba80c7626edf4576fc802d499535680706c5d49c0e502835349,9
0x41695d4773b04881cccb39a0f982aa6a420250a2b099d058b73d40a605779070,9
0x2fa7922207a35269725a4bb3e8267cbc7ecfad7fa559e10961de2193af2004d0,9
0x0a47e996b4b7b4c77667a4b01ac9d58006ce295a9a55723ecbf256303cd3066b,52
0x3c9713d76e1f3c3d5b87bd781bbaa821edd74ce6d63132ac967a0a9e2179708b,74
0x2a6e26822278ac0647b41a58f00fa7c371eb7a364c48ce11066086b30d0e3f8a,54
0xde869f771487aed89216a080b2279edc9de57735172f46d634643c0403e988f6,6
0x45af7cbf55c17e8d08c1045d96675478cb5a153b5f5039abe409f3ebc2600a02,7
0x53b9a08a9424812d628ef306345cee80e9b3733d3bb9c3644941bbb2614be632,15
0x984d1ee788ff724a30af27cd77ef74455b49bf6382460aceabbec94f01961a35,10
0x649076ffc17d89ad6db51b4d8a4d5da613fa6b0d160630a586c56d3bc537028f,7
0xf0d6717d354137d953b18ead3027447c092a624700c3c7dfec7461a553e17c29,70
0x7e55c5c6b55ef89bc9e31785549c2903d1cfa5a8f5b65af6f901ccada7dd8b4a,7
0xdd95d7e22fd8c9ef5d61285b4ed31aa84e8fdf35192db24d8e7d8938ed4747dd,14
0x507968f3703bb0864a7736019de41676ef4f8ae8ec066be536a5beea5aa34f15,6
0x66b1619d9dfe37211c1091f9a09f751a506e83521e46b88a5c5a3a3616b6344b,7
0x5627aa99258f21907f2b80f5747b9e529c03eee1430d6d6b6e24ca3bfa643adb,7
0xabcc3eed397a203fbc9e4b99fdf37c42f7015fe3fe1cff090d58574d47496685,7
0x76d22e8bf51f785d7af342839951de39231199ef840dda1be50395890db594c7,12
0x9a1ea88e81dc608d4699074cf9956ae94d596580975c1c5bda6cd8be2854540b,8
0x84f234a88cc4f71f0d83fa8d4530dd30e9da4eb58af796d0f0e5d60d19ef2fbc,111
0x51637548ec59b48eb3ccdbcf8c882a9e01a671a960458c4afb16bf80cc4e4e51,72
0x1dd8d6afc998fe922a00c46a2705c325f4bc09f9af750bedf1946513dd60c099,15
0x808113f396ca0c25c9c9719465acc29967f3f6d06627d7f60d97fd4255bb2b20,11
0x68ed8f9c274a3c270d62ff2a93632f15e0960fa959defc1fe286fc2ed33a2e98,10
0x3158010ab2d1c3f7a70549f2b1e74f95e7f393271437b92c7f65fa19039c4599,10
0x0cd78cbbc9196f363db2f4c6003504168526b7deaf3d1e79231d1c2ac97329ca,6
0x80b13ee3bad1ae7ed782bda4dfca6bcc7c0cee91772d6c22ff8678d621f28e54,7
0x1836da44f2b4f3b666da0e29ef53d9301848fb9389d39296ae130eabf8215d83,11
0xf8b56301ef6e79875a783a89dbc4c1fe29be4152858a2f2c2d96fa52e8be5dc1,12
0x1fe73973d40c2a0bdbfa38581374d4dc580c5cb38c9131e491589851e76bea9d,9
0x74236cb19b4efb200a3fcbb6e54b8e7487c4cdf3ac79b42cb2ada0eb2516fb81,7
0xc76d36c95a003037215447a8d369f96333109c52a01f3bea0e7d24ac44887ade,7
0x3203a1679698b5d1f75a55db2f4f98cb0f2108ee00878b747135c3b240c30c79,8
0xdb1bd5509c4f3d74228ab9f4371d8f9aa4d3e6965ad64454f327c4126e1d1901,7
0xc48a07993d7072b21aa35e297efc0b6799932c6bd027c3f7f19b7661bc938e93,11
0xfe15121359218df21765ed4b02ae7af059ea087125a9e7b52efdad239c30dd65,7
0x5de924d82a90669da3a7f5b271de6e01e6a3c923b460bdaca09cc854526b1f4c,10
0x1cecdaedf6386e8e848c830bed6c8e18762e10d6c6a864254ba9c5d0cc8b9e3c,7
0x00b093c6892d3a48c14fa0b90ce85b4d3aa1bc6d776f8c26e961aa95c6099f39,12
0x8e89d91cff090ce6696df4658a0c573fca0b878dd9685349b7c7f50507623e1b,74
0xfca1a2c7262a3718b3079428b50dd4114add3f48d1e44f9692b34e1f4ebe32a6,12
0x1bd207ba59a67c64a86a35691fe00fc511a0c02d0f9f186885b7f3ca0304dacb,12
0x121989a31b44281a282e0c3cb09f898cca3f4f6ecbb81aaed3a5e34e9c3297b3,7
0xd858d56b0352223a41d9f64d9c2fe5509622e0c3e92d8b445f8008b2b306c680,11
0xa0fd604de0183378a7ee18c9b2a2dc90834b48515011fe26f28d7c5a8649571e,10
0x396d7be702dc88e1110b52b76b91056a87abf81b8e4a961b3e4702cc308ba574,7
0xa722ebd612ee1ec4789f89a1df2059d389dc21aa87498e54c37ffd2756304606,7
0xd6a7884e996ceb13ab2b5e58a479698af203a5d6fbe4bc31663fc8880af7be5b,15
0xe33072d14fa20131dfe14688f97d56ebd3c68f26ba588f110054448f38765406,7
0x652eb04861e06bb1875187656fea617eae3f0f9b852a697a9ce667ad6bf60af6,7
0x06f04f9b85b837e074369079ab1c8a27d600584a9f8cca12f8595995e8ebc6aa,71
0xad6cc755c05f7429f8768848e194f2664f5c82655430a39d50d3f523e28d59d7,6
0xb26ad3b3e343ddac8470c632670a0a78ccc5cc0c1337c2ae1de6b230595737f5,7
0x8b10ae9943e715be92f38ccd2fc3ab68115ce24a30c17abbad3b67ba758072fa,8
0xf0ddc28f57d5c4bc35425f4cf43244bc535064cbbd251613e5723f17526e9048,8
0x539862ce6fb8a9f2761167dc95db07cc54f4b5af8118a0401fcd9095a43c4a42,73
0xe4cb55f834012d9be79cf1a77c6bc4880304037c3d3226cc9da61240cc41adb4,7
0xed575f43c4a742990fb359be4ddbf1f23c577b3e4613876fa8154503241127af,15
0x08ed22533a7573d2f314a98cbec4cfc8947e31e02341cab787207f9629489ddb,8
0x56bb360c035eb85474b5ade6ef251da5e98bd53e27cb05bff41e35ab39e4b85d,7
0x536156c83b6b46f7581af603426a5c63015d184d555fe6d57ef1939451cb1c12,8
0xb987e20506a8f380a3b6dc7154b3fa9ee085c60b7aeca1777bf0bf3a5ccf54df,89
0x59bcc56b6e58bf964c7b37930c2e0163efc33816dcaecddfd1a667a1731f187b,11
0x6cccd68bbbaa6769d5fac2b2d1ac698651a29eff072367db6a05f45b6f4d1522,15
0x4e67f9c7e72b7f10427b8f152bdce42ab9b9bf9209bc5662dbacf384bbd2a4c6,7
0x2b52c752e7565b54fdd0c60d6c6db006dd4422611a9799d381285fa1771395f3,8
0x5b5cf784f1710ceaad2c713717fed28e114a6b4b9a54a6d934c22a73a4df261c,65
0x1a12a6558876e8b460b8a72a53ac107e0f5937a1d47b5be8a3f2e0896da8f2de,71
0x2e902560e7751b52d4476446d503f88b232677703759288949596016dd3fa4e7,75
0x1b144101195129bec57fffa4d7c61df5d1d0c060ad35c53cdbc9344984a5708a,6
0x2cb1a78f1cbbc182b4235fda475a21ae1dcf22bfc29982c9f1e5c30fcee2d7c4,51
0xab9be1079e8ea5c5faefbdaba164b270ffd7869d0a87995c2927e5550ecb3435,6
0xd588cb2773955f195cb3fdaf50dfaf18fe8a188782edb4e64e46a76968a6d450,6
0x68ca2783acafebeea3e43a03573f3b9a7878849eeb3241accdb4c3bfebd3f533,9
0xae6b15393b0fe18e87bcf7c7329d2bdb08075e237e4868c4fb098f98a894fb92,51
0x2e93c4529745712780fe180ab8454c2e74b5a1f4298d51cb690dd53ab588b76a,6
0x9b787bfcb614217a1c956f5d527f82652fde1b84ad67671597be423e110f2012,70
0xe03497c3bbe636407efa46667d830d2b9754a182f8a52eb3ea7467211f0debaa,71
0xcf2e620aca861338762bba7f6ad0a2cc5e4fff0b2e98494dd19ac9889074d2af,71
0x2fe0ab8fc16c515a26369e5a6b8d93edf8651a20d297f5f5c5c1468d752c8c7c,71
0x3b40221adf21a481d1eb3c84bd52e828384fe2558a9889afa86068874f84f7b8,72
0x896e2fbb7fc0edce895caa8098501a320e0e11d23de4d81ec609d5e1533ce123,71
0x6b6e4e34d43fa3b0a389d5386ce04af071b7ca4099a5dde3cdbb0054223413a5,82
0x961e15a92d8269a32ba50e64e96ecf03ece20aff46afd56a496cdc1bd96a7876,71
0x9d6906fd8564bb5ae879247071678f40cd70f3309748f425d4fbbafcbc9d24a0,65
0x7ab8cc5606ef2c16fc43d2dcb18ad112da8c560e8d44830d635d069dcd6a08ca,82
0x2a86b3971f01557db0954e47e83c29013333e3422e3e9b4716c136823f24f7ce,71
0x916ab82a01d51ddb79827c391862d43682685f22fc515056d214e826531d5237,71
0xa0945545bf6ad2d1d7037aa9bf5d1f981f88f7c3eea45e19ad184ef4ef7ecc6b,65
0x1fad752220987c41f29c40c1adc6b79fee24c12d5e2759de08092b1b8fcd41af,6
0x3b0a8d6b638fb509c5c56db47a4fd0e027f10cf360a6a05d199a354eb951d172,65
0xb15ee59c1d5a80f8976b191ccc4305738aae2c72c7c9b49d2d47a32332594f15,90
0x7061eb9192f9adcfb34330b8fdb864cf3c95d11cb09c1a67937294d2dce478fc,65
0x431a30c767aa1af96f29632f250e89dc533fccacb5be1ef77597304149e9b810,82
0x6e4a56d8073645a86354e47f82a70f8ccc1881cbdcb54e0a32fbebb954f2ce9b,82
0xec6d88099dbfb0ed423be8b287a2371c0c5f8c0c8bf2f5c094833b1e9d66f6cd,10
0xec062773d9bcb38e22d673402ea20e895c764e0f85d8691c541fa896812c1948,65
0x32cecf5ca4cfbb1ce7cb56adf5a823ddb0200de2618108abc6c74fd1a7b689d7,119
0x149f61728a608d610215f6d3f6b3721f8cf4fcbd2c707c896594b8447f4e9719,96
0xaad8f0f13c40fde9cbc01e1c1f4eed189568207282cac3f6370bcfdeba0bfcf9,65
0xeab6e3d86de2ceac389781fd790f9ae43d29d9833963cc17e06abd7fa0d3261f,65
0x330f413895b25d8669861208d3403725516f6e3d66164bea64a8be41a4ccb0b4,7
0xb1364e10734364bcd65c76eacaf295c75c43c72463e186eb32f8aed906b179c7,82
0xa70378611876c406690f09c2f699ef0588fec5ceda6791ea3c0769c727233e90,6
0x5211556843144b4391a36c8a95d7b8ba2ab48e84d591bbf26a2e0d04d14e332b,71
0x94d83f366fac7e14296da8533d8492d3162d8d5cc8d4c2c6e0d34050aeb0c491,63
0xfc94387205683d0609fb428a69b16c161c45679e29607af84ac897433812a2b4,82
0x1fb50f6598d735f13cbb118809aff50cf0794768f52a01de0cf62813d781fd12,82
0x1f41de2063b04695c07e494701453780f930550b8be1aaf498bfc4abfcb7007a,72
0x7d10b0ab107f1a6e5adf028246b93e6529440449e6e9deb8d797ae4993f312a6,6
0xa61319070d5e289c1cfd354f330c431215fa81584ed3ddcb30d2f7b70b5af42e,90
0x66b94e1c9c7b7d77465b2114bfd4ba6939de2c4795a843b3d148ae6bb79b5788,36
0x702ad5b4eada1d8797af98a9b22124dc8578587f2a48d857febff56fcdeba7de,90
0xc0138210c3219d100d3ad2cb1082a6767f32817515e95221fa954790e530ce77,82
0x9a303e2020f2ddf40ed65e1168cc1d5ca9a76490bca5d958eda669dccb1253d4,90
0x021a85b36233b8ebb39dbf429c67f4319b43b0078618463fe91e1fb95c24262b,7
0x468797aa45311333245fb730cf170b058d7e56f4c244e411c00e5ab92d931f4c,67
0xb6b7ec6f7bfc0553df2d2f8552d219b9861c435e68c3c53fbb0453045f21b2c7,89
0xb7d0354a657667dd237b35ceac64360e9e28a7281e5c8a3ac827cb3c90f917b6,77
0x3c3d85d94a8938ee548d9ab6cc74f9c384768025f69395e55d3d1c8d7b6a4026,65
0xe8e3ca717d93be1f6fccea2cc168aeea15f2568466f37121d780efe32eae33e1,88
0x7a1abce1454ebdfba41263b9c7faa1d7d54aad5c2feca92ca754c74ebaab591a,7
0x2b70e1966a17a793e6b3523022987dcb15a763df5d154fad1ef219ee47d71b09,9
0xdeee297083dfaaffa9f6b746316ef95bcb3dd82b90c74b252b89b4e584021c0a,90
0x2508be0f13142e07addaa5d1e8fd319fde2c034c9e0658548c6bc9781980201f,6
0x5e2ed084812e8dd8e13bc64185ebe3c6500ca1b0f1600c1a2ea6f27b51cdca5c,67
0x5b746f8f53f613d4729d7bf0147c6bfbbe32f4d0169f79548e503c22c0b08f93,65
0x2560bc5c5c8d5230b08245fb4b7df1f83b31adba514f13744f05d4181a8acdbb,6
0xd6bc7b4a6fc7ac7b053362dbee482ce4123dcc453a486ab40d58e3a7247c46dd,74
0xf2f8d87d8186d6f5b936aefe242316cf54aaad033d83d4b1940c7d258f5d0e9f,90
0x4f973724ce747e0c8128d63ccbaad4bc1f2aeb57db7415fbc6e87db4e2603d37,82
0x2c871a31d5e2b0ca3cf869f7b372e5778930b52aa8864e682897bc558b2c9f75,6
0x6837fb20ba39a81cf273970a3766a38306a6d819168a4a05a3c37128b4776e84,90
0xcf4302e78728091bb050f1ba68cfd6838fe307386ad81dc7ada85f121a02b2fd,10
0x675e3d0699afddbfd4b62d97fe477fe539606eb20ff5549f8d180392f2d6fd0a,75
0x5c5067758d91b3426ece5dd5fe71859c0b1dd3e3066adc4adc8bfb61a59e5a05,43
0x134213c6a2c381fbef5a35cebe9bc28fddf970a69f797bddc461238ac0e45678,72
0xc87eefa985446d46cd4251c089e120d6583f532df43d2f6a277b5c253097be8e,61
0x3f50a26fa6973f5830f6802011a4c3789c30d4cf027efc7ca2fde8e144f160f9,62
0x67e0db48ff11bf8d91284baee3feeb7bcd42c1046acd18f3126b2d18e11579d1,6
0x1fc05224f1f2ba12bd051e95fedd3501c8331e2f17011e0c8666f1dcc4364136,6
0x1b01848ccaa5751d3ed47ef09903f5c6f93b021b3befb0330b724085aafb6916,17
0x5929d8edce45917d227fe016d7a8932e55ea9bf414b5603daf3d6294b835fa0b,17
0x3b15ba7894735b83dc6b33a83fc936bd7468ea93ee2f405923e791e0e68acb5e,6
0xb1c188588792b842130ed42b84c241de27ee3a68421f24f5086222d62a08d986,6
0x5753ada79e93d6222675598b298c8cc3b5e710a8f56445f5ff4d112a913aade1,75
0xe058affd90ee42917745a0fc12c4938b290833b2bf3f2af4c41712be6c30d23f,66
0xe47b6bbb4abb6c8676837c05da09eb5af684f59fe17547653a9ce5d528b7d7af,69
0x8d9a5c8ecc9057989ea7f2e018658e0a8057b08ce9b1bade802cabd3a7e466b9,17
0xc9a9284aacafd65bda4445acf8a7e5d0b0b2232f4cef169346322f768ca7b948,71
0x9a2c3e26b926e4c3d0b39bc8c37fee09473798a7bddfe21e432025048036f54a,17
0x24a5e57549585d555b6b47156a9c407783807cc68362aa0a274ed7ebc5d476ce,12
0x39c3acb804c551e9aeda3732813d782dac1df4dba2e2529bf599ea3c47e45cf6,6
0x7f105808d92db4a3203cd2db38b46982e6d484765b8938a9175d5986a279efe3,60
0xac194e756ef0e022d933b291d1905eb6181761cac59420310355dcf9426b4d0d,17
0xec93cd07629086504dd8f75c561bf38db1267cd0ae85d08f17fb6b70fd24cedf,12
0x35861c2f34c4ce0d0f3fa5d66f5703d25361b5385c25435f1e02ef84cfd7b274,73
0xe78d55cd1e092efd6185dffa9bb51b5c45072ac1e48a9e0079ee324b8966ab32,65
0x21055987ff62defe5d00416ec84193383b7720f5d9b43fd104022bd9160c2eb5,73
0xef2d26fbded9fd1d3ec276b32a1e08ea27cebafa0958f76b43a823644d283595,68
0x97f3d4baf23f4035474bef8c4d18dbd027bbf1300d2212e890e206811f639b76,6
0xd986c490df3453f66b0a214c8d14bba47400e7efd4a800e736effa5da28c9a3f,17
0x6b0f786a0fb15c2101b76844c27d17bc9ac9a8d912f79b758d21d8402f6847bd,17
0x0dc9832083677c8ac022380fc75ae771b25b470f50a1dbecbd58664c65e24b30,6
0xc14b62b33f01bfbca073994c18d78e935d6d088b99c141901894b18c05e7fc02,66
0x3a47cd8e12665abbc51dd73df2f0ad3ebd3d412b7156b3356395412170dcca71,17
0x03f2ab38f9126c3eef0e1640323c23fa6f53fd38be986b99162301696ea4d8bb,6
0xefc4c17860a56548e4243b1c507c4b8a76c02a0ce7742f0fb2316f2287ef1d94,17
0x4b8f44beae358c8744cde55fda4934721ce71672b56ca1e5605e1fe748db8753,58
0x182f424525602ceada932459d7ffb752fe36be3dc06d715786b48675a2ef3b24,17
0x38b5e1b74c0ee2617b9ad20aab72d54525a613c311d07deb90c654444192b7a8,69
0xd5975e878479dc2553187114112b47c5581627d160d20243b3d57d3e253ff41a,6
0xeb396f2256b11e0c6b336c32562620fef88215b8999cd43111f113ba0b79a4cb,17
0xfc5ccf654dbd496a92918a291629e01a552d3652e7de61b40f07dc2391e56650,71
0x58c601a4782130e23c508cc8eecbd6f9c0e047571c2ac5c81f5a4bbe752b2e5e,17
0xb4cab04346be0adaa3cc6d23b74632a97ed2762cc8ffd44754cdd805a34021d1,12
0x48cd36900fa73694ddada298f2f03adaadc9100b7686f5de8d4244a3cd70023c,17
0x4571fb7434996806015eb2e07eb1dc856ead27fe169c46695791d18a121cc2b9,17
0xa271f5a1f5e4a9df4a379da126a72bc91fe860202ed560afd75f33ed4e98b28e,6
0x2185790aaea88bc8005dabd3540e8cc18c4e491e27ca3e7aa245f740c1761413,74
0x76d66699ededf2a25ed5633bf892c30b648603e3c2c6cf09b1b98d49cd0711a8,73
0x1a417c97be501f0d948e3525fcd7f663dbd659290f23caae3f5583a1b8a81964,75
0x5ebd7530e7ae05d362aafff51c840890f271e387a77ca4dc653e6e9e9a7c4734,73
0xb6b7fe9710a07ecebd460bfa42cb911556dd26860d9756b05db32ae0fd30357e,12
0x6426fbad52ff65beef94dc0e401c847a1f6a3d4c5e65aa42d666d3b421835006,17
0x8755ff274d9a5c690dbd2cb35a5599c23382a679655abd8355f669e6850fba86,65
0x66a86bed2460bb982e1a9a22d111b08bea41349423ef9e8669570e488cf96de0,69
0x91162adb993288b7a2900c9d7ba33ba9c466cac7da1cadceccd8c0c205be584b,79
0x426ed0832cdf69783a463d39111d70841ad808bd8696e77098f8e3f41ff24e5b,63
0x663bdcf8373cfa2af610ee93ff43f4451c0d0d07322129a6432b8127884687fd,98
0xa4e7c0c6b03e823dba9bae1581e027a2c17e39e6355ce2d6a3589b46c96c7864,80
0x14618aaf6f238e45400b1bb50857617f4b8d5a3a04e8dfa8b17de3db3b26bb27,79
0x74c68b3e4e27d104600cae587eaa0e6afa4c8ae738f04c28a2fca43a2bd372f7,80
0xe9dae7a3fdc3512d9cc855189b48a6aa81873a0133b854db65f3d87755861a24,47
0xa293cf61ba98fef68ae9d0c3cee8d89d8ad80beb7767c97f2f2a3502d111db99,80
0xdb646b2ab2070eaecc8eceaac59476a00fc11538fbf6bb69ab3fc2af7f2e7e88,80
0xf1b06ec5079b0e885ae5df019ebffacb63cea4ed16989d3819bdfa5f8a938c58,6
0xe8fa902f2d77dc928921c54c35d5a51f891463e682a1c2e49a343b9400446140,6
0xbd39c23f02c45af8e89634299dc7917088bd3d9ce51dacd655cb013d59afe4ff,6
0x68d2f52a5446b7cb93dde3cea4da7abf9083ab74b0112953946ca23e5481a4df,6
0xa4a53fb996c80da674a8c2ee472afe173e01b8c25323082e95cd5d2221d56b4c,6
0xe9dcbb003dd57f2a109037b0ace041cf1397d2a21903900a035987d18b3511d5,6
0xd98db52e63443f7de6a09f565afc2151dd1d987ac9b18bd04cc7b83e313760ed,6
0x2062357bb7d554526927504cfb15d3b7b557e7c295b979e576d0cdad89cbfce6,6
0xd56ec61993961904aac4095c8e0e0a5c2b56dacc35463613e67f6368ac2ee48d,38
0x0efe5b8d0c680f24a7ce71379e8f5bf58318018649bc07722f6656f834d58298,37
0x16b33145d31ee3b79dbebaaf7d8b8a15befb6f4f6e31793ef73a0ecfd06157d8,39
0x4277203b8c32180828b1c76052fc295b2a76468d05f28465419e68f6e1e8b427,39
0x75534f99fc068fcba4200a8ed6721c6d9f83148c473d7c2a4708ae2682a9671e,38
0x66fb0ba23866510d57392232eabc676915b0e00fa87220c652035c32f46105e1,39
0x43efad46190af66027a398689b43ff5d91f55349ed2bc25a39f5cee06b628a41,38
0x30e19926d2527737d65fc2f63de20f2c1e37d63c00f801ac5ce527f043c47cca,62
0x2525dfdd231169ed70088da9649041546c44fa1004fcbee1128334bff8f3edfd,19
0x0e09add442dbb6bcbf19a5dc637f9e36eaa9f00d3d941b2c84f1c6474bc5eefb,34
0xa9f2fb30f552eb33e0c9a078c26013a23955b33d3e64dc553d385328eadcab3e,34
0xb8652114aba10ac01aa093e4135a070072a80908f0a0a7f0d6587fbfe55ad6c1,56
0x5d8907ced4577fdb8bee2265c0caeba932002795afde5e4cc03a41597e9ee3d5,31
0x7a7d87f637b37679f0178988e35991bf0adf9011019ad339c552168ad931445f,31
0x849ad1b0db20c51fe409813f88192b306e55a9ab7c39105c483e75fdba4adb78,34
0xfdd1f153fdf60fb88b72126e8ee7373a54723dc678833e0a000b366f5379d296,34
0x410d3f61c9fce0416820230d07a9d2242282e18906b3564ffec917e7621c0d1b,37
0x6b3d85dbc4ccbff370c2e1c7b02336860dce4eebe4a22aee07feb432afe635d7,26
0x34def74e6060c565a8f6472f29995c6b336f81ccbe8eced1476022275b4b618e,7
0xedc6177f0eff27807481f2a4e56646ca7e67e4efa72eb24316db5ad1f1b75c34,18
0xf1f4f92abb9fbc53bd197589158530b138c8ce40472f48fd69b9613d9a37079b,22
0xbcd34b95707ac9c083583e0d1bf615c75bd47a53e11646c2267e4a4ea3886316,28
0x2c9d62cb32989127ac5fa141c6ff89cbb576efb93ed1305260c69011c89e8d9d,19
0x11a73cbc8cc5be9aee0a6006ef11e9ee74e94cee0d7ad2401d30a3b98a689b87,19
0x323d723581998e86d633aad432678eeaa0bcf726b9be73fb99de5f14c5dfa04e,19
0x2a4d629a91fe5f28dd36b17bdc3c0de593466d0bef78bf0c3fe54dce4bbb7b9e,7
0x71664339c00d8d6c098ee0c23b2bf88d2d1f1dae0e03e281b3ab36f9f8a5904d,7
0xeb21bb50beb84ad087d1b7694d32dd423f77a6588b6c31c0b10a0322785b8759,19
0x223433f5748810af91f2548aa48407a904e249cc2f8bf9622f802fd5760ab0bb,19
0x039b490964fb1224c7bccc8d62cad1e0a9dbd676973bf4f110b7fe8f9f2742e5,19
0xdd8f6ee8450f775642b7982bba551d112057a4585468012a0f0e12e42c5c50ed,12
0x923c304c640022c4827689acd7dbc465c71114175e32a064365fc55d24190568,13
0x1b557568875943ed7a44db38386adfaba39c3a2eb3384a276e112373835cc0b5,13
0x78e7cdde1e71d86ea3da0af1af4eca676baafc395a411a9f70ee9668787006f5,12
0xd744223b2f6b9990210ef028efc3e050779d9bb56dcc23c31e57522f51ab3f66,12
0x5af55bec4d5a0b1fb4638a819a1532e2338a82bb432499314f70fb564110273c,12
0x64de322ba1cc3e512886439d2a45a8c98a4b36212b0f5cd07f91226370c00a84,12
0x3a280c65aafca668307885677f8c8cd8ef242d663be51dc745e1d76611e1b41c,12
0x7c930780e8e8890ca9f1c2e293d270e0e5c05e321a5bdf57340eaba0b550a84f,14
0xc47c982c41ca4b2a0187b9e4f5a0ddece1aa58995574492edd0858d2ce48be4d,6
0x9c23652df72861fe7fc5e697e11f0084290c7d457e201d5e7bfcdfab36eb3b69,12
0x8060ef0d0534cf06c63de69090402d51ff4f6c1befcefc5ac7f83d0c7a68de82,12
0x075ec16258858acf699c5d9211c90bc9d290b1753d37e0b3b4faeddaf8d08195,12
0x3683f32633bec2cf00f3314f8472a2ef1496ef12f05a50f25fef678921fe4ec9,10
0xb2f5ef6a61b6dbc25602b09384d734c1a811086ed6d9a979ec13d4458999840b,20
0x9b9d9f7e30faa548ba3c4878ed16a39d19fc207e1315bb856f1e10dddb40aa13,10
0x6e857650c53170346d1ef3eb3854489d91f130edebf7e7a4e6f49de7b4d7e340,14
0x4b87cba72865218e48cbe7c0ebf4f878132a2014e4507693aef2a84304562679,13
0x3f28d918d9e6a9bde2dcadd5df6f4f6cbe9a79a6d92a082131f48bde5fb9788d,14
0x901f605f8a0cacfbecd7c382afb4d66f7a2463cb4a96b97a29628400ee8bfe6e,16
0xa2c684ca2658fc7adf1e7b4fbae6e3e36836cfcc00dbeeb691b802c3fc0f6251,20
0xaf68cea93b8262e6e5778dc4ed8623baf288487d371ff418ed09383b98bbb6f3,14
0xca0b0a2cb7846b6b43c2e7d95d1ef4f1fa0db9d884eec21efb344a81f99d66fa,14
0xf281672b936cd0302b59fed987a5a5ddf5d85fc38a0d5e534578c85dee01a2b4,20
0x43829ee12a03a8b8d8858388fe59293bf81bea51a40ce2a0f775892500a52675,12
0xa846734c7c36a8b6b74dc5dedd42e521f06d19b4893c79876e7bde0763cdce48,13
0xa40868acb24c0bc8700f5bd91cb9be3b0376cb96ff3d998a85e7004f52d6fb6b,10
0x1784d3f369d298989e6af3a43c9fd59b21ee84382c41ac428e5a33758851b51b,14
0x37e47d850ae5731b4aa4d0a9b028b2992d236517c9c0be2a4641431e291f06fb,14
0x7e946743ffc7ef4a3a05d18075ed770ca913c871c74482046f92be9dffd35889,10
0xb173a85dd23c37c63b65985583b210917e39e71f05f528231e06fbe16565832a,14
0xf9e60cc19a7eb692dffb44ade89ea3204893166959b569da449fcb1055a6992e,13
0xd38e723a8106768deb2b48c4afe6ccba5b675a332452e28ecb0bbf9875c75dc8,10
0x6b394949cea4f505bbef44a6078f6cd4475b811ccdcdfd9007ec644b4a4a23e2,13
0x5916b06ac023a9fd380b05d469d508d0ad722aae7ab9c5f3efc7aefa2e8fd39f,14
0xc9724206fca7531faadd496d10721ef69d4c6bcd5007dbb5ca44eb795d4b9707,20
0x54ba612317c618a909d753e08809efaa5529eb3ca4a11b4cc0ef18c291f6024f,10
0x5ec428b3dbbf13c5736c6e6bf5da4b314f557a3524018ba0c827cc569ef8ba93,12
0x6b28105f897bc1d758ce8a4b719b7712a4ce00c874dab813659a91fb2420b5ec,10
0x04e37e0e164cdc44407f33722d01d7a9a99152bf3482c215c997d5913ac47bef,14
0x8566865c2f3a559a5b58e045289cd6437ad1d5437fee535b26d18d3b6b950afc,12
0x850bf92195e8d03219e8a292eb3c1935d4dc55ea9e902837f761faf6df25252a,9
0xc59e9fb081b5c3397ce2d66108d497c787f731768b7f32bbe86b5ff2fdb453ed,10
0x64a52387ff320e58165b8b8092fbe4ba418a19549d902fd7a938a50f2fbdfae3,20
0x29baca00aa36292fa99fa9d3d398282409ec8a27e9be38af11c690390029353d,12
0x48dc8652ef48476d7cd6e4cecf8a379723d0f45da7e5f9cab78e8bcad01683a0,10
0x3d3e3944d8a87956aedae67a89e13a46efc736afbacffccf28d149b0b67c3f8e,14
0x76f4a5f92218211266dd2892ac6c9a029b02dc6d4f950145417041578d85a0ff,14
0x476aa256b781b5006306e3fe7caae37db555b1f6e41b2968d8afe76fb19bce29,14
0x27d3e9cbac99312b3d1f5ea0952f9cf88b4aa8d9dc4fc0f98f0133f9629c5a87,14
0x404737e79dbf827931f6c1c551c657431196c2d34b409938d00dea62417a0ef8,20
0xaea067c303e143e30319770c6900639160e917ef7c5bdf26363539498fc0fad8,14
0x25db6fab5a14bd5008415230cb0949892363e1fad6158fa27a2420b837ac2f8a,28
0x24031532a31b0e3344eef95abe94b7c853f183cc9471a1fa1bfd6a0c6e716886,28
0xf173dca784b2d3c4ba86c40413f9267a20bada1b2a6c90f4c772d4062b848136,19
0xc1f15536e0b1201bd3c56ea42465b654a8d94e991563df90597741078a7a7299,10
0xfcd7e50f3d9c718ac9e2046868d9131073b2eeeadf94ac7cae18c22fdd1828f8,28
0x186d340b63ff85887a439348c5cc45523b178d6229de29c7a2c2a7b60a59ae50,20
0xbe5abfbe0157fba5a451738a78504485680d2164b076bbcea8f3e71dc77a9b81,22
0x44635f9ef0aae16a96a3be2c9af28c9afa3ec128a43731e627fe3c33fe042b16,10
0xe92fcf67ce0b4a2636b331a795dd85c66b9403546742aa829af562e347058e3d,28
0x4a80bba57ff577f82b3d1f1efb1bef3656a8467fd95ee1b897ef4d892e68a4b7,47
0x58d4e93722fc6e2bc67ca46ca15a754911d9e3432be2d013958690cffb4d379c,6
0xcc1a296266eced64ca183366a1839a3432ac20cfe9f7dc5b91c96cda75bb00c7,10
0x6135c07e28619bbea53f377ec40b68b7ad68c639eee779bbd79912cd118c4348,10
0xf31374ec61f8ef418e52c71dd8007bd41d0a88105962101f8644e501dc271d73,10
0x5146367d7aae81f7344de300f877a47ab986f492aef4943bccae5c7e3b423cb8,28
0xc22f1be552b546381c1f9a26c864dc423659a67836bbdbcca360cd1b7e8e627b,11
0xe56b353fa8cc5497aebbfa3f962d228d7012cf5c747ed4bc5266976df20a66f5,10
0xb9064450cd512c4ea072ef54142ad61098daeec4cd1dda3b6d1a62ac53ad9d08,11
0x8355f454f28e23171a2b27d491cadc12195633816067cf36399db9ca0d2680e7,11
0x33242e4f0d4d3de8194a7e49c2a16a3359d56ab54727b385408f96f317655e87,7
0xcc5a06c3b79f72f1abfd6bb4e360f627180fcb723a42f273ee625c4d6e65d241,15
0x7decaf7834aa2fda896c60d72b0b41f487b34f04c4cd341e39a27402338585cd,11
0xe3d62cef918e621a6e82a9b9340d2ba71cd4c0c381c1f4f8be6228098f2d6051,37
0xce93aba7f47db6c82770ae8e2844415c3a901134e0037cc0ad2f8bfaad8fa39a,38
0xca628505210c3554d0ec526b6c7039a8080cb06d1029008139ee64e4e339def6,7
0xb6ef4ee16da2e6530b1e4000302fb15fc915a1ef898c5677eee563cbf58f8e3e,37
0xad9aa56affb48d6cbc056a41a25f0c51bbf89a4823a9fcdffe542542d06e2b1c,11
0x22417fc06ed67e2a702263979cf7c9181d69454801bd3fc6f34a6071c37cd6af,8
0xbb7ae835eac789db5e7e8dd06490600d84d7f424e73d9c5e924e399c8ac57b24,27
0x759b1952d45228a6292726d5fdf628e3b7fa833151cd89e6ecbfbb0b1cfd96c5,11
0xe20ccccd24a2cb5b16a649b7843502672c8c6ab3b8982614487fe87340e16c30,7
0xc08060b648502230b75706a4cd8531aaf96f9c80369bd8b4ed16393bd741a3cd,37
0xdd76782edfad1bf0bbcff40c61a06b57581cb23c0d62dc95c05fd082a793f4f4,6
0xf56350cb451472bc20d883e5870b5e208cc2836278639c9f9bbc8c59bba8fc0e,7
0x45c5a7d3a41033ef70f0b2d7817831dabdaf0f4fb4e1e4632c264904af0286be,36
0xe8834c7ad3a6f044bd8657185dfdccd74d34e5914c7b7b187cd983224553b3ba,35
0x631286ea641064df359a499292ebe4bb1f2b5fc5933c5b418b1459fda0914785,25
0x24ec36fdbed34de01a6899e1812cc0c0ddfdb9fb93f72aab592116fad8f49487,35
0xc0278fa94d088455a7d75187f9e27774e5bb33edb14af26143d23e117d633d8b,25
0x92b96621e4bf8013aa87ac603218ea2220d61b1f5a0c5ad17794c31a42837869,7
0xc92e2e960f0c7c8123df553b369209a9ac389533d82cb194d52e2ac9b56779c7,25
0x93d672fe3a0552ee6cae4951eeb2f6a64ababf589d8678018a8f845e96821b42,7
0x861c998374c15081dfb030cc5c740bf830e5223dde065ade50acf1e0e1c9ad5a,25
0xc67bab9a6fb4be1c38c82a19246e46a6bcb96b68ad1d885f6fafbc9225fdff12,7
0x8bf941a9c55903fb2ebf4718c2c3dc289497923eabdaa3ff0678b97e48371cc3,25
0xc9b34ef300b0259cc1f76b1cfe4591354fbd5cc76acb97b3663d70f33e728e5a,7
0x7df9d4b20a02de144aa9fa474a16c43ebec26213a757b5b4605038952a0fed87,7
0x0faa4fbff4216ff2a37c8d9f03bc327dabd881c19ae3331045dee60bc5dc139c,18
0x2b52cab180ef3b235d049d115c1ca9703c2aab4cdf884f11f3cf65cfd12e06ff,7
0x71156995bdf8b56ded9ee62acd7d54b86f28f5c3bd491749e83d5baf357ce49e,25
0x31f11f0ac7218f2d3a36ebd8655ea9f3c600dae1de10f987daa9d3d16127c2d4,11
0x3e10013c92e77d69b5d8d52acc51e663efeedc420318bc8c7bf8e3f2adf25788,14
0x5a0e00e340ddc9d6ac46db75bb25dd724c6908d76f66e0edbcaeb1b2fbd9308f,14
0x56be74a9c5e65b5b41d885e5749637839113e5cb0fcc8051e802e12f1bf26581,14
0x495e25fdf31ca0fd3905c3d2baa5f0acdeba69270144baf5dcabbda7adb349cb,14
0xed6f678468dba3b8f25db302315672356074cd5d51b86d8748b6fefb21a9b240,6
0x6ffab3b5c807ccdcd77be0c756e6b9bc508c5d10dc97791a7a18109518589fd9,14
0xceabf8f8cdd4a884542996139e6eeed3d32dc6feaeb7f088ce2df8a189447b02,14
0xadfd1382dade5ab44065520c657a24160a30cbcb32e5c02d1cb4d94447c985a9,14
0x93c64df61f4bd8e4c4c284abeb6cd46d6a285ef53e479414c091495ccf5e9e5f,14
0xa19db45877c87240459363cf1f510c4404b7af846df01de88060f95fc76aa2e8,14
0xed7c560ceff41ba118193050e9647ba1a32378158bd9844958849a21743068d5,14
0xa9f9e9d5c7148f94158364f6a81d7a5b7284df705ee7e7bb1d33a9358d8773df,14
0x0d3ca85decaa77f98d533502a49408d283e45cd0795354c3b3775cd0b649fed4,14
0x73ad98fdeea5367601f03f9c73b4ed4acddad1ac0a8706c57e7973846c3e8783,31
0x9204592ce40a4999aaa5d56bd5449af08f741f1a922fb6576387a100dde9b573,5
0x3adf7ebc2e049e1c7014f75148275f76fdc42c2f3b0fed58dfdff6d5af112f77,30
0xc509d1b879b6bf4b2973fe630a6cce174f63a2ab4fd409d11677ba3686ce7a78,5
0xaadb4d510fd0816f019905d632d8cd705baa88683f2dc8994134e5cabe2fc9f2,31
0x971aebeab4008de640468d9c380c02e82d7e00dae7c4416d959c34ed0de2b854,31
0x90c0478ad29eebf8d3ecb951ee5b5f111dceaf24ca06efa88811580b9c9680f0,31
0xa150197de5a281de4086049e1974367999ae867e6c67c00459c7a7e648586780,5
0x7480e338f622e42874bc7399dd42e6b54c1f3071250abccca01da1e0e1c5a115,30
0x676c6426f07d03a5d85aac1f4e277bf6fa8cb14563ef4a3e24655f4c44806c6f,13
0x4616f95d0646b9410ac44f38a47992cd1c9f054ce58238250c7374c0c080e469,31
0x64772b2c5e7ec242131f5602b68d3db025b192475798085a4feff3f60e575666,30
0x4cc059a109f32baae6fcc0dfd71625e8590ea59f28f1d70867f2c9f3165230cf,31
0x9c1ebf04cf5f0e75465dd53de7a75a6d7626b47f100b6094c5a45c1e17c1db4d,30
0xe7e8ac60162a81e5e60dabd344a98346357d70ed5302b294012df80d1865d119,5
0x972c866e5da0a54b186a346fc8710fc43ae749b80d4be5f0ab04d5a6d75e1c5f,31
0x350401bb1fb8db6dd486595f9e47c0ef93a1fe5e3d6c646ad3916c9d2f8572c4,5
0x82db1ee057ca73c05f8fde8df2ed5066311a7736e31f508d3c66997553062d7b,31
0x9b94a7cd007ad2acd9cbeeb2ddb31280edfd6df836772661cdfa30b5e10a9f1f,31
0x9c4bdd9bc5b6f3ba2e9fc8b7f37df79a35736bef4ac2ce71e870bb7b884798b3,32
0x3254f16fb7fbf7c8b00ff7507fef145d69aaca832967446fb8090c3f5de0c9f4,11
0x19489d6de9495485e7e11e37401b22759cb981f558913e5b9ebe30ae8630b09a,31
0xedead3c227817a54134cc77169e0af303054c1fa0b772c32e6f7aa713bc62763,31
0xa4e4b97bb1a82d77496b0aeda43de5b24f8c0c5c3186d42e56d6a0c2d578234c,31
0x33a8bd1bdc58b333cad81bdec4e315c1fc7331ff5b4cb7622100496ed819c188,5
0x977c8bb2a34736d7e039f1a5873cbff39467acee22deb12b7b2bcd1c956c1f20,5
0x7ae3e5235b6a58309355ffe336eb7fd2abd51bce1c67735ada444d694af50a6e,31
0xb3564b5f29731514f3228c4f30d6b565366d9ac5d5f615a22dc09326a5d2c59d,31
0x9474fb4fbfc92a5e072ba877c0e66b82d80cb47a382732db74ab1981a8dc0b77,28
0x35eec56326ab99a70ba4ba7ef5a52e7812611c7aaff0e9b71277d787c5bf859d,29
0x8800f2c5f5cbbf89031616782187ec639badf1e6bb873ef1d0485afd089b8f0d,31
0x85ccb1c609f0e1da245f9f50e014d7e0d4922a34ba90b338af6500f3c8cab2b1,31
0xc18a76cbd702e37c482ef65ab236a6c8ad9126e8de0e3807ee8da8057e03987f,26
0x92ebb98c37641b8f37ba7d8f86eca57b026ea5f050b9216be12ddacfd7e34537,31
0x9ad5ca3c48581fd02f3c98b645e97e8311a81abb7dd0dea4d90cc8182bd163e8,31
0x05b0ff01c2effbbbe49047922312f4c7900264a180641122e03f97cbb2b9270d,31
0x2314c6c3071370adef3817b996cc5553f19a9f2dbc6743dfd80f87977beb53cc,27
0x3e51798302d35d1325dbb5eb3220d7aca4515f2a2697a162529dbad35bc66245,31
0xd684dc25735c6060091933d0a20e80941bb49c6fb1cf4b630297cd7cff59f849,26
0xfbd2ae8bd06ec2feb04d0533647c40b1a3132f6ca50d33da7b0741b7b52b02f3,31
0x63776bcc4c6df6781f9673395241d093bdb19cb911360c1ec1ec509ade4b84c6,31
0xa2f7962772f997dd561426145302be7b4b853d0817b2e6b7f0c19f7e26901826,31
0xc2f998d10c04c9c4866b7624758bc6cf6db51dce613201db7a7528dabb2e6c7a,31
0x5ed2d5142cb7bfdcb1ecdec342d73697d5d61b3ed5ab21c52cb34ed41b9b0a41,28
0x23f32c859dd2bfccd9d98baf30283a3164b8573b697f4afabed03f78c64d01e0,31
0x67f86ba114c60bdeeb28bd442629f3ce3e35f5febd95851a9b5574df43e0ec02,11
0x3ab88b734659dd5cd876158d7509995537b09e352b99105b86ee81f4786faeab,24
0x87111274e7ed6d26478a7216692b3289b3347de630fd985a2ef2441f52db45f9,11
0x8bdca29882ab7e580a0be08f03564496be31d1107ecae34f4da5ca88ff0b57e7,11
0x8268d76697b4e304951419a549f96007e3b0027c7f1ef27357983389b8fb32b6,27
0xa9609fd91c52ebdbab7769919acdcd14475bcba06d19df76d3bd9f900e18b0cd,11
0xf207bc37c2ca219dfcac4b02708a1e2c3cfa100873a966a2052836b0d88849c4,11
0xa0ff9815e784f89efe90cd1dac7fe63339180bc4baa0372ec11474a1e84e10a4,36
0xd809047dfee4314ab16d95cb3d4bd2f986dd70a1067f57dcaaf77e86610eed52,11
0xb34e63c61fc67e65692b2e073b995d1d512f8a742b8776c7c7c54cbb6c4a14c3,11
0xfe457590ee4ea398110119d9542d37f7c10899316fac0ba5b562d3a362dcd93f,24
0x23dcceb0f954892ee923b19b383a5c465becc4c79012491ad88daf9b51de2558,7
0xdc520c94194c57a5ba6e7d292ed9fa742125cef05b57cfb377f12ef61541b6e3,29
0x5f47c8f01161b40b3ac055b775671889e154cf084c39d0db67c47398486706eb,29
0x98b6f6cb0664e708df985fe93bda5898930a2be1c1b27349e588b2ac8a188232,17
0xfa3719cfb4946321c6b1b0c77eca70ec9989dedad61f71608fe9941d1984860b,12
0xf2fbe58c750cacae0c4536086f530b711ab3e611c263158330d161eb8ca86c70,17
0xce3939e258ca9bee8995a7c305303ba741844c7f7534a459aae6ad47c463b7f3,19
0xdc9a6cb046bcf3945df8e8a88a1e3a646783a186bf615c2a57b28286f81ae7b3,24
0xc29ca39ece63e9e7b886237f5f49d2abd81b20106b21b3c6e00566a749b7d65e,16
0x2303aaec30110b7e5ed785a4d6bd0a5e4bc2336e69d1bcb61890b4cf6a447255,16
0x3ffbe525251ac888a854af69cbe683a5da6da0661dbb118ff9c527e0f61b511c,9
0x49ec42621b8c62c090f2b6da7a21b9f70bcdc616a73d00fa8b275bff6261c475,16
0xee1814de35781a3e31d2665e41cf18a37253a200f758957f811469ba6b98abd7,11
0xbf81008c138f16bb85e8d28c053fa469b5f5760d989c63897d4f62d8145511b6,17
0xb893d2b5bfa03f1edf16f11b70ed49944884db16282135a60a3562e10203ae73,17
0xa0c180b92196c693899bf2439cf7bdff34be61feab4007e107bf11adf66c4801,16
0x7834aa68c7f720384460c9c48db0c8a1769a02303a0de1aeab578387d468a4a4,5
0xeff34f18da0dd0b6df37ac38be62edf307711bf4de03c0964239edc7a0957c1c,10
0x88ee3cf93ea79654a7687b31dd86e858226923771059b3df6c9c2ed2d9703779,10
0x932f723eeae1538fbf954c1a616869dee7ca214993092bcd2c3fca339d60dc63,10
0xc0b1ee0d6a963438d657de5441cd19d4c4e57bd3ce385938604fbd4ea1a05fed,5
0x41b9fcd70fea88d9bf3d2cea531aa12e1702987a9b5c299487cef25a0a26796d,10
0xbe9926792c8d6a0062c7c7bc0e8f8832bb837dbccd9e35d4b951ebae71c2b9ac,5
0xc104e34b1b43c638335932fe315402e8df6d4aeb3c8c1f4f4b7959ecd31de967,10
0xa205d747d4988d8fe9f9e0080e6b93e72befd63e03cf1a2094e2f5c4408c19ca,10
0x9902e069922216abf51bf506845b39eac95d97ad301620c27b437269714d0839,5
0x4e674697fdfc3daedc528cef02f830286290bbd36cafa900ca9d303bccfbdb2e,10
0xcbd101709c86d0793fc68724be67e78445f6ab29f8bc44dd3617fb082e5f539f,5
0x5a466cb1fd61df0ff4a6c3f8c1fd2903acfa323ccdc4206b454124b68825204e,5
0x35e937a4e49ce5ab4773fee1be84d583bff4b1fb168d1022cf30eadc4a1298c8,10
0xbeac1587c945656e3498bc0f5a0dfc89e81eb4c24be65c9ab6bd30644ddab950,10
0x2b015e32542ba205b6147cabd689c076eab263e07696c1d95de048636793640a,10
0xbd1c9c355583f950c76a09bb2e305789043712121800bb5a7abe491a5ee58871,8
0x342614c4531e73660df28687fd017fe251ec956920323511e783e7978f5605a4,5
0x5a9009752f7b399c2e6e52856f9a6fa2682aaf50acaaa42ba566b68dbd3aa956,8
0x5fe83440137f17378fff7e1e00147fe1759414a97d184e2c0ae5d113c17c2cf3,9
0x78933f7aa021d01c3404648f8bc158d6d1097f00cb88395ab899ea4d1a740579,8
0xec9d78f594e816a8dd627eb8e0b758b13596c336fb433fa9181a0aed54c2c95c,5
0x83769fd5022537ff59ca1ccfdfb1c9915983788003e00e905508e22e67404f28,8
0x4168a18ce024b93a81fb13841d9afcf5575aa0fcf2372b6ddda33b92cc3d3ebf,6
0x95eba26c144e3ea5a290ff5475ae2c2118f47b56683157ff159ec994a5d89b55,9
0x9ea20241be7a9bd20668563386a4d53dbd3ad5b05d16d5ac5264ebdbdeb3b0a0,20
0x163f0a71361ecf540bdefe45619e91c596b51a033bbdde39d9ac7a94c4d2546f,6
0xcaa45def702778a64bf1dfb60b6c573fafb017184162c35b9f347b34a5a831f4,9
0x519c5b1c70793249af25406e0773fea8a8601bc33d23604222fad2ee34aa7960,6
0xce403161064c4acc0ca5e9060a58681afa63cc93a34ec106f10a1864145fc168,6
0xe17ba94a08eea15ab8318372de64054d0395f6b78428210fbe1d512a28c3264e,6
0xe4165b7d2feae3426d359f740fadf1c62812baf5e36356fbbc38a2d3323394cd,9
0xb27ac4998790f3831523b7e10c0354c0eecdb0a120ddd0cc3eb36ee766004e85,6
0xce96709d7baea7749c2f789dd53e8e3048c06433ed14029a2779b7b905c46fa6,9
0x01d94840e54809ee6253d1b661445c714dbac75e11f0cd508b055c5d48a44f68,9
0x15e558b67551e64419e56dffb02c393ad5437be73923ddbbf714f93844c0f5cb,9
0x176a93762f4a9b47ef6ce4ba55c7aac71d538c6c7fd600649b3c332551438f3c,5
0x989dea59f6404d98bcc4f53ebcca5e8c61a3d874230c2cb773d2f38deaed37e0,6
0x07615145ef989afed773784bdfb4f52cf67413dc6f2a569ef9c674a53672afab,6
0xaee3e76efdcd304786aa68bb879a2624b1ae2e1e258083ecbf3a2d2d07f0576d,14
0x823f484fefcfa0fdacda80293156f1278e955f3849bdda36513e153c7ce5a912,9
0xf151ff58bc099b15a71c2217f9bd12885383441d5e2b13a78997613ec6fb4dd5,15
0x2be7fc9dbf2c4beb92f9cd01f90d630c96525c35f96ff590e64662f0c4658836,15
0x3c870b5c93e1aa670cc421019a8317af0dff7ed2bc13576b3186a4b52f589b18,5
0x197e5697bd7b6c8173b0ee24e8d4e7e03f94088c6dc0455b8bf370042caf9790,6
0x2dd885d675bd581b539c65046bb73d41f03a9f136104ca19d2d60f4c3845f373,5
0xec23edb431083cde6ef1df2059458ab1c74b86982e784de511af83718fa4cb7a,15
0xc78f6de55f652dd01a947ac3306f1b23aaf1c54b9d91392e4e3e4b3bfb9c89f5,15
0xdb0921a583ea6beb2d34a0df3ae206814d1c56f126d4b3afffaf7b77ee0228d3,15
0xcf21452a6187007271eb7a5315517b11c2cf51b9a5176ea04d7016fcbd65feed,15
0xe0065c875ae67b28e263c85a9fc1d28571c738c881de68dd319c90080d334d91,5
0x164353ab2fb4a513a25ce9c3bec57df802182d21f7417f038db42ff8168cc95f,6
0xc763ae78144a467631a848b7db20ad4a738443ea2c67250d4569fd947691220e,6
0x8ca4d361d10b302dec8195411297ae170ddb06567b178b5ca1e0ddee25eb4ac1,12
0xb368254f0eb92908bbb9660e9d7c684c11e1d7ec28d75e62ceca6039e4172fa6,12
0x594a9bf1a5e8b93ff0e5e4eac74df444bb4153b7d8211b3e287789d5ad242213,12
0xad8d2239659d728a92a827f5ffba64a46e1f2fc8fb8e5ff268efc33072e3a2a9,12
0x810b408ddf15f60d952cdf642f804b736282f060d8be9bf2d4fd465336ee7a05,12
0xa51782388964ec5bfe04d4bcddfecb2d4c96d1455b0a1d3ca4cea424591ab20e,12
0x0e838e946c5213467210913ca13d803e81d95fad81a99d15224cfc7bfed07441,12
0xad7141bbf5412101b40b30c01ece77146390e73f72efbb6abc1e1dc963594515,12
0xa3cac76189df9ff0f40088486af5f3a7b94a17dbf2b7b4774298e7233ec418d1,6
0x6104608801f44f9a32275c9a9bbe044414a64956000a1177362be5ef27e5ac44,6
0x0b7a0174bc29f1745be15a7c9bbe2c945eb2b757b878ee81c5845d6cf2ba8e45,6
0xeb600c4834224538301ad137f31ea54eb31e7eeba8a9a8909e8d7ed06e25bf5d,6
0x3206ceb45541ea267d69407886f0aa17ca6cd1000d08fb78ffbdca61fd575cb5,9
0x5ed7a419a9aacdb5e668932084e9ff7541c9ec2f4d6aad7ef676599018e97129,6
0x2f6217c60bf985ceb11d13d272057d7ba4fc99afbcb119c1403b6efe389052f5,7
0xb1d55bcf7504ce8beee9eb5fbbd8ccc3af3c98cc9cedea6c209062c3b2e6e58b,6
0xfe6599371524799dd5fa2e66f90dbf9c3c129e25cb283e4063670c484f13dbd5,6
0x359e6202dca4b2738a2ce2ef3a330eec7a15d79aebf798aa5f9399031d944522,6
0xfe1502c592ee5b89c8059a52dd3cf4f86bde54506dbe45b3e1c2b6143d595b07,6
0xd35172f1d23f31bc31386a0f16b4a8b4a80b3ecd2ba33181c3b14805a4fde237,6
0xf370c4ea5135048df5319557ea76c8b02c81ecefe5c8ba1dad6f8cb3305ad48c,6
0xba90ead4164f87258cd3b84e044f61c65d32070a3fa4cfa6df74935eb4937b65,6
0xd400a9f621a3796564366ea4b4d51047d79a4c5e742e4337ec9e3eec52bbcea7,10
0x2f1eb4bc63060d5148217c605e933893cdf7d420b4c4e16e9092c28499dcb0bc,6
0xde6a4bdfe2fd47dd4fbb4a7eda39941cf566710468987a73cdddfd28daba11c4,10
0x02514129acdf5089ba35fe623845a375ecd52c09015e4fc0a0d72eee698aac7b,10
0xb642dea896e5fa052a9259ad7ba4b759caebb7b1b452d90a5b4c82f8065db1a2,6
0x8750878941d591e755011c90045318fe459ebd5e95e8a27716439f2e6a8547f0,5
0x057ef1a34366658bb2a37470337fbfdfc1174678646df9d9ea92bd2be75ce024,10
0x5a34c96647b457d0c0243d450ebd14929db7e43f28ec14fa97b8712cc6519208,10
0x1360cd15bfcc9e09af772db2aa7019c2e27a07755de2b0d3566f3237cb9d8504,8
0xfec6910a401297e3ac42a6ed81b624c28da0126e8b427f06e28132f0fd7263e1,10
0xef41dac1fc2c571e7c2630f2b0545e40c1bd456010a363772445466255651e64,7
0xf5a756ef898f9fa858d8710a63f4aa16b4d3c4d2fff27afae1d1ed329620eed7,7
0x47465c58ffdb2048b8ac8114f62e0cc7c6177dc53ea13ae1a456a8c140fa382d,7
0xa2a36ff2a1fe9dd8624b84dd7671c7fbf2d766df1b7915654bb0e570551c3bdc,7
0x3221632aab728d981375d0abd9560589a4389c85b0df02b2f093c50373fcde41,7
0x230345d8347fddd7a16eda7166f97f95e9f07c552b3a456060ce9a58af5c66b0,7
